Date,Location,MinTemp,MaxTemp,Rainfall,Evaporation,Sunshine,WindGustDir,WindGustSpeed,WindDir9am,WindDir3pm,WindSpeed9am,WindSpeed3pm,Humidity9am,Humidity3pm,Pressure9am,Pressure3pm,Cloud9am,Cloud3pm,Temp9am,Temp3pm,RainToday,RainTomorrow,
2009-01-01,Sydney,18.4,34.7,0,9.8,12.9,NA,NA,W,NNW,11,17,73,22,1005.5,1000.7,4,6,22,34.3,No,No,
2009-01-02,Sydney,18.8,22.7,0,11,5.9,NA,NA,E,ESE,11,33,62,57,1012.8,1013.8,6,7,20.1,20.8,No,No,
2009-01-03,Sydney,17,23,0,9,0.5,NA,NA,ESE,ENE,13,15,58,49,1021.6,1019.4,8,8,18.8,21.4,No,No,
2009-01-04,Sydney,18.7,24.6,0,5.4,11.3,NA,NA,NNE,NE,13,31,59,58,1018.6,1015.2,2,1,23,24.1,No,No,
2009-01-05,Sydney,19.5,27.9,0,10,12.2,NA,NA,ESE,ENE,6,13,66,60,1013.2,1008.9,4,4,23.4,26.2,No,No,
2009-01-06,Sydney,20.2,28.3,0,10,11.8,NA,NA,SSW,E,11,20,77,64,1011.6,1008,0,0,23.1,25.8,No,No,
2009-01-07,Sydney,20.7,33.1,0,9,9.3,NA,NA,SSW,E,6,15,72,67,1009.9,1005.1,1,7,23.7,26.1,No,No,
2009-01-08,Sydney,20.4,22.4,0,9.8,0,NA,NA,SSE,SSE,24,31,78,72,1012.4,1013.4,8,8,21.2,20.1,No,No,
2009-01-09,Sydney,17.2,22.6,0.4,7.6,5.9,NA,NA,SSE,ESE,22,19,54,47,1020.2,1018.8,7,6,19.2,21.2,No,No,
2009-01-10,Sydney,18.3,23.4,0,7.6,6.1,NA,NA,ENE,E,17,20,54,53,1017.1,1013.9,7,6,19.7,22.5,No,No,
2009-01-11,Sydney,17.4,24.6,0,6.6,8.7,NA,NA,NE,ENE,19,31,58,57,1013.8,1011.5,3,1,23.4,23.9,No,Yes,
2009-01-12,Sydney,18.7,26.8,1.2,8.8,11.4,NA,NA,E,ESE,7,15,71,61,1015.4,1016.4,1,6,23.2,25.6,Yes,No,
2009-01-13,Sydney,19.6,26.2,0.2,4.2,11.1,NA,NA,ESE,NE,7,26,74,56,1019.5,1016.5,6,0,23.5,25.4,No,No,
2009-01-14,Sydney,20.8,29.7,0,10.2,13,NA,NA,E,NNE,7,24,67,49,1014.6,1011.2,0,1,25.5,29.1,No,No,
2009-01-15,Sydney,23,33.4,0,14.2,9.4,NA,NA,ESE,NE,7,19,61,39,1009.1,1006,NA,6,28.6,33.1,No,Yes,
2009-01-16,Sydney,18.8,25,1.8,10.2,10.1,NA,NA,S,E,4,24,69,61,1012.7,1008.8,2,0,21.4,24,Yes,No,
2009-01-17,Sydney,17.7,22.6,0,10.4,6.5,NA,NA,SSE,SSE,26,28,52,48,1020.5,1020.5,6,3,19,21.6,No,No,
2009-01-18,Sydney,14.8,23.3,0,5.6,12.7,NA,NA,WNW,E,11,22,62,46,1021.9,1020,1,3,19.5,22.9,No,No,
2009-01-19,Sydney,16.4,25.1,0,11,12.7,NA,NA,N,NE,15,26,55,57,1019.3,1015,1,5,22.5,23.8,No,No,
2009-01-20,Sydney,20.1,28.7,0,9,12.4,NA,NA,E,NE,9,22,61,54,1013.7,1010.6,0,1,24.7,27,No,Yes,
2009-01-21,Sydney,21.3,31.1,1.6,12.8,7.4,NA,NA,W,ENE,11,22,66,55,1011.9,1008.1,3,5,25.7,29.2,Yes,No,
2009-01-22,Sydney,23.4,33.6,1,8,9.8,NA,NA,NNW,NNW,15,26,52,45,1008.9,1005.5,5,5,27.8,32.7,No,No,
2009-01-23,Sydney,25,31.7,0,14.2,11.9,NA,NA,ESE,E,9,19,59,58,1009.2,1007.6,1,2,29.5,29.1,No,No,
2009-01-24,Sydney,24.8,40.9,0,10.6,11.1,NA,NA,NW,W,11,26,55,20,1004.8,1002.8,6,2,31.5,40.1,No,No,
2009-01-25,Sydney,20.5,25.9,0,13.6,6.8,NA,NA,SE,ESE,15,17,57,51,1019.5,1018.3,7,5,21.9,24.7,No,No,
2009-01-26,Sydney,20.8,26.8,0,6.8,1.2,NA,NA,S,S,9,15,80,72,1019.3,1019.1,8,7,21.9,25.3,No,Yes,
2009-01-27,Sydney,20.2,23.9,14.2,1.8,1.7,NA,NA,S,SSE,9,7,95,93,1021.1,1019.9,8,8,20.8,22.4,Yes,Yes,
2009-01-28,Sydney,19.9,27.1,4.4,1.8,12.3,NA,NA,N,NE,4,22,78,60,1018.5,1016,6,1,23.7,26.6,Yes,No,
2009-01-29,Sydney,21.2,28.3,0,8.6,12.5,NA,NA,E,NE,4,26,73,67,1018.6,1016.5,1,1,25.2,27.5,No,No,
2009-01-30,Sydney,21.1,28.2,0,10.2,13,NA,NA,E,NE,4,24,72,59,1018.7,1015.8,1,0,24.6,27.5,No,No,
2009-01-31,Sydney,21.8,29.1,0,10.6,11.5,NA,NA,ENE,NE,7,19,76,54,1017.5,1014.2,2,3,25,29,No,No,
2009-02-01,Sydney,21.2,28.1,0,9.2,11.1,NA,NA,E,ESE,13,17,71,66,1016.1,1016.2,1,5,24.9,26.9,No,No,
2009-02-02,Sydney,22.9,28.3,0,6.4,9.8,NA,NA,ESE,NE,4,24,79,63,1016.3,1012.2,6,2,24.8,27.1,No,No,
2009-02-03,Sydney,21.8,28,0,10.8,7.5,NA,NA,NA,SE,0,19,63,60,1010.8,1010,7,4,25.4,27.9,No,No,
2009-02-04,Sydney,21.6,27.3,0.4,7,7.1,NA,NA,S,E,6,17,84,71,1011.6,1009.4,7,5,23.2,26.2,No,No,
2009-02-05,Sydney,22.2,29.2,0,6.6,12.2,NA,NA,E,NE,6,22,73,58,1009.1,1005.9,1,1,26,28.9,No,No,
2009-02-06,Sydney,21.9,29.5,0,9.8,10.8,NA,NA,E,ENE,6,11,75,64,1010.9,1008.4,3,1,25.5,27.4,No,No,
2009-02-07,Sydney,21.8,33.5,0,10.4,11.8,NA,NA,E,NNE,9,31,68,34,1013.3,1010.6,0,1,25.6,32.2,No,No,
2009-02-08,Sydney,21.4,28.6,0,14.2,12.2,NA,NA,E,ENE,9,17,69,53,1010.8,1007.5,0,1,24.2,28.1,No,No,
2009-02-09,Sydney,20.9,22.5,0,9,0,NA,NA,S,S,20,17,84,81,1011.9,1011.7,8,8,21.2,20.6,No,Yes,
2009-02-10,Sydney,17.9,19.4,3.4,1.6,0,NA,NA,SSW,SSW,6,19,94,89,1011.9,1010.1,8,8,18.2,18.7,Yes,Yes,
2009-02-11,Sydney,16.7,23,5.6,2.2,1.5,NA,NA,SSW,S,26,20,77,61,1011.1,1011.2,7,7,17.7,23,Yes,No,
2009-02-12,Sydney,17.5,22,0.6,4,1.1,NA,NA,SSW,SSE,19,31,76,56,1017.5,1018.7,7,8,18.9,21.4,No,Yes,
2009-02-13,Sydney,16.4,20.4,23.2,5.4,0,NA,NA,SE,SE,24,24,86,90,1025.4,1025,8,8,18,17.9,Yes,Yes,
2009-02-14,Sydney,17,21.2,19.6,4.4,0,NA,NA,ESE,ESE,30,19,66,67,1022.9,1019.2,8,8,19.1,20.4,Yes,Yes,
2009-02-15,Sydney,16.5,23.3,25.6,2.4,0.2,NA,NA,SSE,SE,19,22,88,66,1014.7,1013.9,8,8,19.4,23.1,Yes,Yes,
2009-02-16,Sydney,18.6,25,16.4,4.8,6.4,NA,NA,SE,SE,19,24,82,62,1017.6,1017.8,7,7,20.3,22.6,Yes,Yes,
2009-02-17,Sydney,19.4,22.9,3.8,7.4,0,NA,NA,SE,SE,9,17,70,71,1017,1015.4,8,8,20.8,22,Yes,Yes,
2009-02-18,Sydney,19.4,26.6,24.6,3.2,7.1,NA,NA,W,S,19,15,93,62,1010.2,1008.1,8,6,20.2,25.7,Yes,Yes,
2009-02-19,Sydney,18.9,28.4,1.4,3.6,11.4,NA,NA,NNW,E,19,20,74,60,1008,1005,2,5,23.1,27.5,Yes,No,
2009-02-20,Sydney,20.3,26.1,0,7.8,9.6,NA,NA,W,E,2,19,78,68,1011.6,1010.2,5,3,22.4,25.1,No,No,
2009-02-21,Sydney,21.9,24.4,0,6.4,0.3,NA,NA,NA,E,0,11,85,68,1013.3,1013.2,8,8,22.5,23.6,No,Yes,
2009-02-22,Sydney,20.3,24.9,2.2,2.4,6.3,NA,NA,SSE,E,13,13,70,59,1018.5,1017.6,7,4,21.7,24.4,Yes,No,
2009-02-23,Sydney,19.6,27,0,4.6,5.3,NA,NA,NA,ENE,0,15,78,63,1016.9,1013,7,5,22.6,26.5,No,No,
2009-02-24,Sydney,19.9,30.5,0.8,5.4,10.7,NA,NA,W,SE,11,15,82,57,1014.1,1013.2,0,1,23,28.2,No,No,
2009-02-25,Sydney,21.1,26.4,0,7,7,NA,NA,S,ESE,4,20,83,63,1016.7,1014.6,7,5,22,26.1,No,No,
2009-02-26,Sydney,19.6,24.6,0,7.6,6.8,NA,NA,S,S,11,20,74,58,1020.4,1018.7,8,5,20.7,23.6,No,No,
2009-02-27,Sydney,17.5,23.5,0,6,5.6,NA,NA,W,E,13,11,78,50,1018.2,1015.9,7,4,18.9,23.2,No,No,
2009-02-28,Sydney,17.5,25.4,0,4.8,5.6,NA,NA,N,E,7,20,70,61,1009.5,1006.9,7,4,20.7,24.1,No,No,
2009-03-01,Sydney,20.5,25.7,0,6.8,10,NA,NA,E,E,9,19,70,60,1010.7,1010.8,8,6,23.1,24.8,No,No,
2009-03-02,Sydney,21.8,25.5,0,6,9,NA,NA,NA,E,0,17,71,60,1016.6,1015.2,7,5,22.8,25.1,No,No,
2009-03-03,Sydney,20.8,26.9,0,6.8,6.9,NA,NA,ENE,ENE,19,20,61,55,1018,1015.2,7,7,24.1,25.6,No,No,
2009-03-04,Sydney,22.5,25.1,0,7.6,0.5,NA,NA,E,SW,4,13,73,49,1008,1008.5,7,7,24.2,22.9,No,No,
2009-03-05,Sydney,16.8,24.6,0,5,11,NA,NA,W,SE,30,20,39,37,1009.5,1008.6,1,1,19.3,24.2,No,No,
2009-03-06,Sydney,14.4,23.6,0,7.8,9.8,NA,NA,W,ESE,15,19,67,48,1013.4,1011.4,1,1,17.8,22.5,No,No,
2009-03-07,Sydney,17.7,26.3,0,4.8,9.2,NA,NA,SW,ESE,11,19,77,58,1014.2,1011.8,3,1,20.5,25.8,No,No,
2009-03-08,Sydney,20.2,25.3,0,5,4.1,NA,NA,SSW,S,11,19,80,77,1017.8,1018.7,5,7,22.2,22,No,Yes,
2009-03-09,Sydney,18.2,24.5,36.8,2,4.4,NA,NA,SW,E,6,13,94,69,1022.2,1020.4,7,7,19.1,23.6,Yes,No,
2009-03-10,Sydney,19.1,24.5,0.6,3.6,6.7,NA,NA,ENE,E,17,20,66,53,1022,1021.3,6,5,22.8,24.3,No,No,
2009-03-11,Sydney,20.2,23.4,0,6.2,1.8,NA,NA,ESE,E,17,24,59,70,1023.8,1022.7,3,7,23.3,22.3,No,Yes,
2009-03-12,Sydney,18.2,25.3,1.2,5,9.8,NA,NA,W,E,4,22,87,57,1022.9,1020.4,2,2,20.3,24.7,Yes,No,
2009-03-13,Sydney,19.6,25.5,0,6.4,2.2,NA,NA,W,NW,7,2,85,76,1018.6,1016.2,7,7,21.1,23.9,No,No,
2009-03-14,Sydney,19.9,27.2,0,4,6.4,NA,NA,NE,ENE,2,20,82,64,1014.7,1010.1,3,6,22.3,26.8,No,Yes,
2009-03-15,Sydney,19.2,27.4,17,8.4,6.6,NA,NA,WNW,E,6,15,81,61,1010.7,1007.8,2,3,21.7,25,Yes,No,
2009-03-16,Sydney,16.1,26.8,0.4,6.8,10.8,NA,NA,W,E,17,22,42,29,1011.7,1008.2,1,0,18.7,26.7,No,No,
2009-03-17,Sydney,15.9,25.7,0,6.1,11,NA,NA,W,SE,20,19,47,48,1013.4,1012.5,1,1,18.8,23.9,No,No,
2009-03-18,Sydney,17.1,24.5,0,5.4,10.1,NA,NA,WNW,ENE,11,17,72,52,1019,1016.1,1,1,20.1,24.3,No,No,
2009-03-19,Sydney,17.5,27.7,0,6,9.7,NA,NA,W,E,13,13,76,67,1016.7,1013.7,2,7,20.6,24.9,No,No,
2009-03-20,Sydney,19.9,26.1,0,6.2,8.6,NA,NA,NA,E,0,17,80,69,1017.4,1016.6,2,1,23.5,25.3,No,No,
2009-03-21,Sydney,19.6,25.3,0,6.2,8.7,NA,NA,W,E,6,17,83,58,1018.9,1017.2,4,2,22.1,24.9,No,No,
2009-03-22,Sydney,17.6,26.7,0,5.6,8.4,NA,NA,W,NE,11,19,82,58,1017.9,1015.1,1,5,20.4,25,No,No,
2009-03-23,Sydney,19.5,25.7,0.2,8,10.2,NA,NA,NE,NE,7,17,66,61,1017.1,1015.1,5,4,23.1,25.6,No,No,
2009-03-24,Sydney,20.5,26.1,0,5.8,10.8,NA,NA,NNE,NE,6,19,67,59,1017.9,1016.3,1,3,23.6,25.9,No,No,
2009-03-25,Sydney,20.8,26,0,7,8,NA,NA,NNE,E,4,17,69,60,1019.7,1017.5,4,4,23,25.2,No,Yes,
2009-03-26,Sydney,20.5,26.6,1.4,5.2,7.6,NA,NA,NE,ENE,2,17,72,56,1019.4,1016.7,4,6,23.8,25.7,Yes,No,
2009-03-27,Sydney,20.6,23.5,0.4,5.8,4.8,NA,NA,SSE,SSE,17,26,69,59,1023.9,1023.7,7,6,22,22.5,No,No,
2009-03-28,Sydney,16.4,23.5,0,4.4,10.8,NA,NA,WNW,E,9,17,85,49,1025.4,1023.2,3,1,17.9,23,No,No,
2009-03-29,Sydney,16.1,24.4,0,6.6,9.4,NA,NA,WNW,E,9,19,77,66,1023.6,1021.7,5,5,18.9,23,No,No,
2009-03-30,Sydney,18.6,26.2,0,4,6.7,NA,NA,ESE,SE,7,22,66,65,1024.1,1022.3,2,6,22.9,24.7,No,Yes,
2009-03-31,Sydney,19.8,22.5,2.6,6,0,NA,NA,SE,E,20,26,86,89,1021.8,1020.4,8,8,21.1,19.9,Yes,Yes,
2009-04-01,Sydney,18.4,24.7,46,5,2.3,NA,NA,ESE,ESE,28,30,93,73,1021.1,1021,8,7,20.5,23.9,Yes,Yes,
2009-04-02,Sydney,19.6,24.7,11.4,3.8,2.4,NA,NA,ESE,ESE,22,17,87,79,1023.3,1021.8,8,7,21.9,23.8,Yes,Yes,
2009-04-03,Sydney,20.1,25.1,5,2.6,7.9,NA,NA,NA,ENE,0,24,92,73,1021.1,1016.9,6,5,21.4,24.4,Yes,Yes,
2009-04-04,Sydney,18.3,20.8,3,4.2,1.4,NA,NA,S,SSE,24,28,84,58,1017.7,1019.2,7,8,18.4,20.1,Yes,No,
2009-04-05,Sydney,17.1,22.8,0,5.6,8,NA,NA,W,NE,9,20,72,67,1020.1,1014.4,7,5,19.1,21.5,No,No,
2009-04-06,Sydney,17,21.1,0.2,3.4,6.9,NA,NA,S,SSE,30,26,69,59,1020.5,1019.6,7,3,19.5,19.4,No,No,
2009-04-07,Sydney,16.3,21.3,0.2,5.8,7.7,NA,NA,S,SE,11,24,67,55,1025.6,1024.4,7,3,18.8,20.1,No,No,
2009-04-08,Sydney,12.8,22.4,0,5.6,9.3,NA,NA,W,SE,11,22,66,59,1026.9,1024.9,2,4,18.7,21.3,No,No,
2009-04-09,Sydney,15.1,23.2,0,2.8,8.4,NA,NA,WNW,E,9,19,72,58,1025.5,1022.3,1,3,19.6,21.8,No,No,
2009-04-10,Sydney,14.7,22.7,0,4,8.3,NA,NA,W,E,15,9,81,65,1023.6,1021,5,4,18.4,22.4,No,No,
2009-04-11,Sydney,17.4,23.8,0,3.2,0.8,NA,NA,NA,ENE,0,9,80,69,1025.4,1023,7,7,19.8,23,No,No,
2009-04-12,Sydney,18.9,26.1,0.2,0.8,NA,NA,NA,W,E,11,13,89,72,1023.3,1020.5,7,7,20.4,23.4,No,No,
2009-04-13,Sydney,20.4,22.6,0,3.6,0.1,NA,NA,SE,S,15,7,79,84,1022.5,1019.3,8,8,21.6,20.9,No,Yes,
2009-04-14,Sydney,17.6,26.9,48,NA,7.8,NA,NA,W,E,19,20,89,70,1015.1,1011.2,6,5,19.2,23.1,Yes,No,
2009-04-15,Sydney,16.1,29.3,0.2,5,10,NA,NA,W,NW,11,20,70,25,1011.1,1006.9,0,1,20.5,29,No,No,
2009-04-16,Sydney,14.9,24.1,0,10,9.8,NA,NA,W,E,15,15,43,38,1015.2,1011.7,0,1,17.4,22.6,No,No,
2009-04-17,Sydney,13.5,24.1,0,4.8,10.3,NA,NA,WNW,S,13,19,56,51,1016.3,1015.9,0,1,18.4,22.5,No,No,
2009-04-18,Sydney,14.2,22.8,0,5.2,7.9,NA,NA,WSW,S,11,28,66,56,1020,1018.1,1,5,18.3,20.9,No,Yes,
2009-04-19,Sydney,15.8,22.5,13.4,3.4,8.3,NA,NA,SSW,S,20,17,91,62,1019.9,1017.9,7,6,16.1,21.7,Yes,Yes,
2009-04-20,Sydney,15.9,21.4,9,7,2.9,NA,NA,SSE,S,26,24,60,59,1020.7,1018.9,7,7,19.5,19.7,Yes,No,
2009-04-21,Sydney,16.4,22.1,0.6,5.4,5,NA,NA,ESE,S,33,15,59,64,1022.8,1021.3,5,7,20.5,20.1,No,Yes,
2009-04-22,Sydney,16,22.7,6.8,3.4,7.7,NA,NA,SW,S,9,17,85,65,1024.3,1022.5,7,7,17.2,20.1,Yes,Yes,
2009-04-23,Sydney,14.7,21.6,2,4.2,6.3,NA,NA,WNW,ENE,15,7,87,60,1021.8,1018.2,3,5,16.9,20,Yes,No,
2009-04-24,Sydney,13.1,24.7,0,2,9,NA,NA,NNW,E,9,11,75,63,1012.7,1006.6,6,7,17.4,22.6,No,No,
2009-04-25,Sydney,16.3,23.9,0.4,5.4,10.3,NA,NA,NW,W,11,22,52,40,1004.4,1002.4,1,3,19.3,22.2,No,No,
2009-04-26,Sydney,16.7,20.2,0,6.8,9.2,NA,NA,WNW,WNW,20,28,47,29,1003.1,1003.1,2,2,17.7,19.5,No,No,
2009-04-27,Sydney,11.2,18.7,0,7.2,9.9,NA,NA,W,WNW,28,24,43,26,1013,1012.7,1,2,14.1,17.9,No,No,
2009-04-28,Sydney,11.8,21.9,0,4,10.5,NA,NA,W,W,19,26,54,30,1015.5,1014.9,1,2,16.1,20.5,No,No,
2009-04-29,Sydney,10.2,17.6,0,4.6,2.4,NA,NA,WNW,S,20,22,59,63,1022.3,1019.5,7,7,12.6,16.6,No,Yes,
2009-04-30,Sydney,11,17.4,6.2,2.4,2.7,NA,NA,W,WSW,17,4,92,88,1020.5,1020.4,7,7,12.8,14.1,Yes,Yes,
2009-05-01,Sydney,10.2,22.5,5.6,3,10.3,NA,NA,W,E,17,11,76,53,1024.6,1020.9,3,5,13,20.7,Yes,No,
2009-05-02,Sydney,10.9,22,0,2.2,9.4,NA,NA,W,S,22,22,61,56,1025.1,1022.7,1,2,14,20.8,No,Yes,
2009-05-03,Sydney,11.4,20.5,13,3.6,7,NA,NA,W,SE,7,6,85,61,1027.8,1025.5,4,2,12.8,20.4,Yes,No,
2009-05-04,Sydney,12.1,23.3,0,3.2,10,NA,NA,W,E,19,15,84,53,1028.5,1025.5,1,1,14.5,21.6,No,Yes,
2009-05-05,Sydney,14,21,1.2,1.8,4.2,NA,NA,W,S,13,19,86,61,1030.7,1028.3,7,5,14.7,20.5,Yes,No,
2009-05-06,Sydney,12.9,22.9,0.8,3.2,9.7,NA,NA,W,ENE,11,17,92,61,1028.3,1023.7,2,1,14.1,20.7,No,No,
2009-05-07,Sydney,12,22.7,0,4,10.2,NA,NA,W,SSE,20,17,67,44,1024.3,1021.7,1,1,15,21.6,No,No,
2009-05-08,Sydney,12.3,20.9,0,2.6,9.5,NA,NA,W,S,20,24,71,61,1027.5,1025,1,2,14.9,19.6,No,No,
2009-05-09,Sydney,11.1,22.8,0,4.4,9.8,NA,NA,W,E,19,9,74,46,1024.2,1020.4,1,1,13.4,21,No,No,
2009-05-10,Sydney,13,20.1,0.8,3.4,3.4,NA,NA,SSW,SSE,11,17,86,46,1024.6,1023.6,7,5,13.9,19.6,No,Yes,
2009-05-11,Sydney,11.8,18.9,1.4,3.4,6.4,NA,NA,W,SW,15,2,74,55,1025.2,1022.4,6,5,14.3,17.4,Yes,No,
2009-05-12,Sydney,9.6,20.1,0,2.6,5.5,NA,NA,W,S,19,11,78,51,1021.6,1018.1,1,6,12,18.5,No,No,
2009-05-13,Sydney,10.4,21.3,0,1.6,9.7,NA,NA,W,WNW,22,11,80,39,1016.8,1012.8,1,1,12.4,20.9,No,No,
2009-05-14,Sydney,11.1,21.5,0,2.6,10.1,NA,NA,NW,W,17,35,50,31,1012.6,1010.6,1,1,15.2,20.5,No,No,
2009-05-15,Sydney,12.4,21.7,0,6.2,8.7,NA,NA,W,W,15,30,58,34,1012.8,1009.7,1,2,14.2,21.4,No,No,
2009-05-16,Sydney,14.2,21.7,0,5,7.8,NA,NA,W,WSW,24,30,49,38,1008.2,1008.1,7,7,18.7,21.7,No,No,
2009-05-17,Sydney,11.4,20.7,0,4.8,9.7,NA,NA,W,SE,15,15,64,40,1018.7,1017.7,1,1,13,19.6,No,No,
2009-05-18,Sydney,10.5,20.9,0,2.6,5.2,NA,NA,W,ESE,19,17,74,52,1025.7,1023.3,3,5,13.2,19.7,No,Yes,
2009-05-19,Sydney,13,21.4,2.6,2.4,4.4,NA,NA,W,E,15,20,91,53,1024.5,1021.4,6,6,14.5,20,Yes,Yes,
2009-05-20,Sydney,14.5,21.2,20.2,4.4,3,NA,NA,E,ESE,33,31,68,62,1022.1,1020.1,7,7,19.2,20.4,Yes,Yes,
2009-05-21,Sydney,14.8,19.7,27.2,1.8,0.2,NA,NA,NA,NA,NA,NA,53,62,1023.9,1022,7,7,19.2,18.7,Yes,Yes,
2009-05-22,Sydney,15.6,19.6,4.6,6.6,0,NA,NA,NA,NA,NA,NA,59,85,1023.6,1020.8,8,8,19.1,17.5,Yes,Yes,
2009-05-23,Sydney,15.4,20.8,17.6,5,6,NA,NA,NA,NA,NA,NA,66,80,1023.6,1023.3,5,8,19.6,18.1,Yes,Yes,
2009-05-24,Sydney,17.4,21.3,1.6,4.4,7.4,NA,NA,NA,NA,NA,NA,52,48,1026.8,1025.4,5,5,19.7,20.7,Yes,No,
2009-05-25,Sydney,13.6,20.3,0,3.6,2.2,NA,NA,NA,NA,NA,NA,82,61,1025.8,1023.2,7,7,15.4,19.4,No,No,
2009-05-26,Sydney,12.8,23.4,0,0.6,8.4,NA,NA,NA,E,NA,11,89,57,1022.3,1018.9,1,1,13.9,21.6,No,No,
2009-05-27,Sydney,13.9,16.9,0,3,0.1,NA,NA,W,W,15,6,88,86,1020.4,1018.4,7,8,15.3,16.3,No,Yes,
2009-05-28,Sydney,12,19.2,3.6,0.4,7.7,NA,NA,W,S,17,22,92,72,1021.4,1020.2,3,5,13.5,17.1,Yes,No,
2009-05-29,Sydney,11.4,17.5,0,2.4,6.1,NA,NA,W,S,20,26,65,65,1023.3,1022.3,3,7,12.4,16.6,No,Yes,
2009-05-30,Sydney,9.9,16.5,15,4.6,4,NA,NA,W,SSW,19,13,82,78,1028.2,1027.1,8,6,11.7,15.9,Yes,Yes,
2009-05-31,Sydney,11.6,18.8,10.6,1.2,2.8,NA,NA,E,E,24,24,86,67,1033.3,1031.9,6,7,14.5,16.8,Yes,No,
2009-06-01,Sydney,13.1,16.8,0.6,3,0,NA,NA,W,E,17,2,83,67,1032.9,1030.4,7,8,13.3,16.1,No,No,
2009-06-02,Sydney,12.5,19.1,0,1.2,3.4,NA,NA,WNW,ENE,13,15,91,68,1030.1,1027.1,7,7,13.7,18.5,No,Yes,
2009-06-03,Sydney,13.7,18.5,8,2.8,0.1,NA,NA,SE,E,6,19,89,87,1025.9,1022.3,8,7,16,17.6,Yes,Yes,
2009-06-04,Sydney,13.1,17,10.4,0,0.6,NA,NA,W,ENE,15,2,97,86,1020.7,1016.8,7,7,13.4,16.8,Yes,No,
2009-06-05,Sydney,13.1,18.5,0.6,1,3.5,NA,NA,W,W,17,15,93,55,1014.7,1012.4,4,6,14.5,18.4,No,No,
2009-06-06,Sydney,9.3,19,0,2.2,9.8,NA,NA,W,WNW,17,7,71,45,1014.1,1010.1,1,1,11.6,18.7,No,No,
2009-06-07,Sydney,10.7,19.8,0.2,3.8,6.6,NA,NA,NW,WNW,13,19,80,42,1008.2,1004.8,6,3,12.6,18.7,No,No,
2009-06-08,Sydney,11.4,19.2,0,3.2,9,NA,NA,NNW,W,13,22,63,34,1009.8,1007.3,2,2,13.8,18.6,No,No,
2009-06-09,Sydney,10,16.2,0,2.6,6,NA,NA,W,WNW,17,22,62,44,1011.5,1008.3,3,7,11.7,15,No,No,
2009-06-10,Sydney,9.7,14.2,0,4.4,9.6,NA,NA,W,WSW,35,31,37,32,1012.2,1012.5,1,1,10.5,13.6,No,No,
2009-06-11,Sydney,6.1,15.8,0,4,9.8,NA,NA,W,W,26,22,48,28,1020.9,1018.2,1,1,7.9,15.4,No,No,
2009-06-12,Sydney,6.2,17.1,0,3,9.4,NA,NA,W,W,22,4,67,41,1024.3,1020.2,1,7,8.2,17.1,No,No,
2009-06-13,Sydney,7.8,18.5,0,2.6,4.6,NA,NA,W,WNW,9,7,70,40,1017.7,1014,7,7,9.4,16.8,No,No,
2009-06-14,Sydney,9.4,15.6,0,3.4,0.3,NA,NA,W,NNE,6,2,74,61,1014.5,1011.9,7,7,11,14.4,No,Yes,
2009-06-15,Sydney,8.2,19.8,1.2,0.8,8.6,NA,NA,W,SSW,15,7,79,40,1013.1,1010.6,1,3,10.2,18.4,Yes,No,
2009-06-16,Sydney,9.2,16.3,0.6,3,0.5,NA,NA,SW,S,17,19,81,88,1017.9,1020.1,6,7,13.1,13.6,No,Yes,
2009-06-17,Sydney,10.5,15.6,29.8,0.8,3.3,NA,NA,W,WSW,19,6,92,87,1027.6,1026.5,7,6,11.2,14.2,Yes,Yes,
2009-06-18,Sydney,10.1,15.4,7.8,1,3.3,NA,NA,W,E,11,9,95,85,1030,1028.1,7,7,10.7,14.2,Yes,Yes,
2009-06-19,Sydney,9.2,18,23.6,1.4,7.2,NA,NA,ENE,E,11,19,95,46,1030.2,1028,6,5,10.9,17.8,Yes,No,
2009-06-20,Sydney,10.9,16,0.2,3.8,0.6,NA,NA,W,NNE,15,11,95,87,1028,1024.6,6,8,11.7,15.5,No,Yes,
2009-06-21,Sydney,11.7,19.1,31.8,0.6,1.9,NA,NA,W,NE,4,11,93,82,1023.9,1020.7,7,7,14.1,17.8,Yes,Yes,
2009-06-22,Sydney,14.1,21,12.2,1.8,6.7,NA,NA,WNW,NE,9,4,96,59,1020.3,1017.7,7,2,15.1,20.6,Yes,No,
2009-06-23,Sydney,10.1,19.6,0,1.6,9.5,NA,NA,W,E,13,11,91,58,1019.9,1016.7,1,1,11.2,18.8,No,No,
2009-06-24,Sydney,9.1,18.9,0,1.4,6.3,NA,NA,NNW,E,7,7,86,49,1015.2,1010.7,7,1,10.7,18.6,No,No,
2009-06-25,Sydney,8.7,16.9,0,2.2,6.5,NA,NA,WNW,WNW,13,13,69,50,1014.6,1012.2,6,7,11.9,15.8,No,No,
2009-06-26,Sydney,8.7,18.6,0,1.8,8.8,NA,NA,W,ENE,15,11,76,51,1012.7,1009.2,3,7,10.7,16.6,No,No,
2009-06-27,Sydney,9.4,15.8,0,2.2,0.2,NA,NA,WNW,N,7,9,84,79,1008.1,1005.4,7,7,10.4,15.1,No,No,
2009-06-28,Sydney,10.4,18.7,0,2.2,5.3,NA,NA,W,WNW,11,7,86,54,1006.3,1004.5,4,6,12.4,17.5,No,Yes,
2009-06-29,Sydney,9.6,20.7,2.8,2,9.8,NA,NA,W,W,17,7,67,47,1012.3,1010.3,1,1,12.3,20.4,Yes,No,
2009-06-30,Sydney,12.3,19.9,0,1.4,2.2,NA,NA,NNW,NNW,28,24,66,54,1013.2,1008.2,7,3,15.6,19.1,No,No,
2009-07-01,Sydney,15.7,21.2,0,4,8.6,NA,NA,W,W,7,28,61,27,1005.8,1004.1,1,1,16.5,20.5,No,No,
2009-07-02,Sydney,11,18.9,0,4.8,8.4,NA,NA,NNW,W,13,33,55,32,1007.9,1006.4,1,1,13,17.8,No,No,
2009-07-03,Sydney,11.1,16.2,0,5.6,9.4,NA,NA,W,W,44,37,50,41,1003.5,1004,1,4,12.3,14.5,No,No,
2009-07-04,Sydney,8.5,17.1,0,3.8,9.8,NA,NA,W,W,15,30,59,34,1012.5,1011.1,1,1,10.1,16.7,No,No,
2009-07-05,Sydney,10.1,18.1,0,3,9.8,NA,NA,W,S,20,11,54,32,1016.4,1016.4,2,1,11.8,17.2,No,No,
2009-07-06,Sydney,6.2,15.7,0,3,6.5,NA,NA,W,WSW,19,7,74,48,1020.8,1017.8,6,6,7.5,14.8,No,No,
2009-07-07,Sydney,7.5,15.1,0.6,2.6,3.9,NA,NA,W,SSW,19,19,81,60,1025,1024.1,6,7,9,14.7,No,Yes,
2009-07-08,Sydney,8.6,16.8,13.8,2.6,3.2,NA,NA,WNW,ESE,15,4,96,61,1029.6,1028.2,7,6,10.5,15.4,Yes,Yes,
2009-07-09,Sydney,9.1,17.6,6.2,0.4,4.4,NA,NA,WNW,ESE,13,30,96,63,1030.9,1028.5,7,5,10.3,16.2,Yes,Yes,
2009-07-10,Sydney,9.5,18.6,8.8,1.8,8.4,NA,NA,W,SSE,13,20,97,65,1028.1,1024.7,5,6,10.8,16.8,Yes,No,
2009-07-11,Sydney,9.1,16.4,0,2,3.6,NA,NA,W,ENE,13,13,94,58,1022.6,1018.6,7,7,10.3,15.8,No,No,
2009-07-12,Sydney,10.3,16.8,0,1.4,2.3,NA,NA,W,N,9,26,80,56,1014.6,1009.4,7,6,11.8,16.7,No,No,
2009-07-13,Sydney,11.6,17.4,0.2,2.4,2.8,NA,NA,W,N,9,7,67,53,1007.5,1005.9,6,6,14.5,16.8,No,No,
2009-07-14,Sydney,10.2,17.2,0,3.2,9.7,NA,NA,W,WNW,15,28,68,34,1007.4,1004.4,1,1,12.1,16.8,No,No,
2009-07-15,Sydney,6.7,17.3,0,2.6,6.9,NA,NA,W,NW,17,7,79,42,1010.1,1008.2,3,4,8.9,17,No,No,
2009-07-16,Sydney,8.1,16.5,0,2,2.5,NA,NA,W,SW,24,22,78,47,1012.3,1010.3,6,7,9.2,14.5,No,Yes,
2009-07-17,Sydney,9.2,15.8,7,3.2,4.5,NA,NA,W,SSW,20,22,80,59,1019.2,1019.2,3,6,10.7,15.1,Yes,No,
2009-07-18,Sydney,8,18.6,0,3,9.8,NA,NA,W,WNW,15,6,84,42,1022.5,1018.4,1,1,9,18.4,No,No,
2009-07-19,Sydney,8,19.9,0,2.2,9.4,NA,NA,W,WNW,9,11,66,37,1021.1,1019.2,2,1,10.2,19.5,No,No,
2009-07-20,Sydney,8.2,21.3,0,2.6,10,NA,NA,W,N,15,13,72,34,1025.1,1020.4,0,0,10.3,21.2,No,No,
2009-07-21,Sydney,8.8,23.4,0,5.4,10,NA,NA,W,E,15,11,68,43,1021.2,1015.7,0,1,11.2,21.3,No,No,
2009-07-22,Sydney,11.2,24.7,0,4.8,8,NA,NA,NW,NNW,15,24,54,39,1011.5,1005.4,2,4,19.7,24,No,Yes,
2009-07-23,Sydney,11.4,18.3,3.6,5.6,8.1,NA,NA,NNW,SSW,4,19,62,42,1012.7,1014.5,1,4,13.6,16.4,Yes,No,
2009-07-24,Sydney,8.4,17.5,0.6,2.2,9.4,NA,NA,W,E,20,9,62,51,1026,1024.6,1,2,9.9,16.1,No,No,
2009-07-25,Sydney,7.6,18.6,0,1.8,9.9,NA,NA,W,ENE,15,17,81,54,1026.1,1022.1,0,1,8.9,15.5,No,No,
2009-07-26,Sydney,8.9,15.3,0,5.8,0.3,NA,NA,W,W,4,9,83,68,1019.1,1014.2,7,8,9.9,14.1,No,Yes,
2009-07-27,Sydney,8.3,18.9,12.2,0.4,9,NA,NA,W,WSW,19,17,72,34,1016.3,1015.4,1,1,10.5,18.8,Yes,No,
2009-07-28,Sydney,8.1,18.7,0,3.6,10,NA,NA,W,WSW,11,20,63,38,1022.5,1020.2,1,1,11.2,17.9,No,No,
2009-07-29,Sydney,9.5,19.5,0,2.2,9.1,NA,NA,WNW,WSW,17,9,61,41,1024.3,1022.3,1,5,11.3,18.7,No,No,
2009-07-30,Sydney,8.5,18.9,0,4,9.5,NA,NA,W,W,22,15,65,39,1024.4,1019.3,1,1,10.7,18.7,No,No,
2009-07-31,Sydney,9.2,19.7,0,3,8.5,NA,NA,NNW,W,9,22,66,38,1020,1017.9,5,2,12.8,18.4,No,No,
2009-08-01,Sydney,9.2,19.2,0,3.8,10.2,NA,NA,W,WNW,20,11,60,33,1025.4,1021.4,0,1,11.5,18.8,No,No,
2009-08-02,Sydney,7.9,19.2,0,4,10.1,NA,NA,W,E,20,13,63,46,1027.7,1022.7,1,1,10.2,17.3,No,No,
2009-08-03,Sydney,8.3,20.5,0,4,8.8,NA,NA,WNW,W,13,22,58,29,1020.3,1019.6,3,6,13.4,19.9,No,No,
2009-08-04,Sydney,10,19.8,0,3.2,5.1,NA,NA,W,W,11,13,70,33,1021.7,1017.4,7,3,11.7,18.2,No,No,
2009-08-05,Sydney,7.6,19.3,0,2.8,9.9,NA,NA,W,ESE,17,15,69,40,1022.8,1020.4,4,1,10.5,17.5,No,No,
2009-08-06,Sydney,8,19.5,0,2,9.2,NA,NA,W,NE,13,15,73,55,1023.6,1019.2,7,3,11.2,17.6,No,No,
2009-08-07,Sydney,11,23.5,0,4.8,8.9,NA,NA,NNW,WNW,22,24,47,21,1015.8,1009.4,3,4,15.4,23.2,No,No,
2009-08-08,Sydney,7.8,16.8,0,6.4,9.9,NA,NA,W,S,22,17,46,41,1023.4,1020.8,2,1,9.8,15.9,No,No,
2009-08-09,Sydney,5.9,16.8,0,2.6,8.4,NA,NA,W,E,17,15,70,55,1020.8,1017.9,3,4,8.5,16,No,No,
2009-08-10,Sydney,6.8,16.3,0,1.8,4.1,NA,NA,WNW,E,11,15,77,59,1019.8,1017,7,8,9.1,15.7,No,No,
2009-08-11,Sydney,9.1,16.8,0,1.2,2.4,NA,NA,W,N,13,13,81,64,1016.3,1012.5,7,6,11.7,16.3,No,Yes,
2009-08-12,Sydney,8.9,19.8,4.2,1.6,9.7,NA,NA,W,WNW,19,11,77,32,1012.6,1009.4,4,4,11.9,19.6,Yes,No,
2009-08-13,Sydney,9,21,0,5.4,10.2,NA,NA,W,WSW,9,19,63,35,1014.1,1011.7,0,1,12.8,20.5,No,No,
2009-08-14,Sydney,10.8,21,0,3,9.9,NA,NA,W,E,20,17,61,62,1019.1,1016.5,3,1,14,17.9,No,No,
2009-08-15,Sydney,8.7,22.1,0,3.2,10.5,NA,NA,WNW,WNW,13,9,77,35,1019.6,1016.2,0,0,11.1,22.1,No,No,
2009-08-16,Sydney,9.4,25.7,0,2,10.2,NA,NA,W,NE,6,19,66,27,1015.7,1009,1,2,13,25.2,No,No,
2009-08-17,Sydney,13,22.9,0,8,10.2,NA,NA,W,SW,22,13,37,20,1013.4,1013.7,0,1,18.5,22.7,No,No,
2009-08-18,Sydney,9,18.9,0,6.2,10.4,NA,NA,W,E,19,15,48,45,1028,1026.3,1,1,12.1,17,No,No,
2009-08-19,Sydney,7.8,17.9,0,4.2,10.4,NA,NA,WNW,NE,13,20,70,50,1027.7,1023.2,0,1,10.8,17.5,No,No,
2009-08-20,Sydney,9.9,21.1,0,2.8,4.9,NA,NA,W,E,13,13,74,58,1019.5,1014.2,7,2,12.2,19,No,No,
2009-08-21,Sydney,11.1,25,0,4,4.8,NA,NA,N,NNE,13,20,47,33,1009.2,1002.1,2,6,18.4,25,No,No,
2009-08-22,Sydney,14.5,20.8,0,7,6.3,NA,NA,SSW,ENE,7,17,51,47,1012.7,1009.9,7,2,15.3,17.9,No,No,
2009-08-23,Sydney,13.3,25.1,0,3.6,10.2,NA,NA,W,ENE,13,17,64,51,1012,1007.8,1,2,17,22.3,No,No,
2009-08-24,Sydney,17,23.9,0,5.6,3.5,NA,NA,W,NW,26,19,47,59,1006.1,1005.9,2,8,23.3,18.9,No,Yes,
2009-08-25,Sydney,15.6,20.2,1.6,5,10.5,NA,NA,W,WNW,31,22,29,26,1007.1,1006.8,1,1,15.8,19.5,Yes,No,
2009-08-26,Sydney,12,21.6,0,8.4,10.9,NA,NA,WNW,WNW,13,24,32,20,1013.1,1010.8,0,0,15.1,21.3,No,No,
2009-08-27,Sydney,11.3,20.9,0,6,11,NA,NA,E,NE,4,17,44,37,1017.6,1013.5,0,0,16,20.4,No,No,
2009-08-28,Sydney,10.6,24.8,0,3.2,10.2,NA,NA,W,NE,2,17,44,21,1016.4,1013.1,0,1,17.2,22,No,No,
2009-08-29,Sydney,14.8,25.7,0,9.2,5.2,NA,NA,NNW,NE,20,15,51,59,1008.9,998.9,8,4,16.6,20.4,No,No,
2009-08-30,Sydney,13.7,19.5,0.2,9.2,10.9,NA,NA,W,W,30,30,34,23,1011.4,1010.6,1,1,13.9,18.8,No,No,
2009-08-31,Sydney,9.2,21.5,0,6,10.9,NA,NA,WNW,W,20,13,40,30,1017.4,1014,1,1,14.7,21.4,No,No,
2009-09-01,Sydney,11.1,22,0,4.2,10.7,NA,NA,W,ESE,13,19,49,36,1021.6,1019.6,1,1,16.1,19.2,No,No,
2009-09-02,Sydney,9.7,18.7,0,3.8,10.9,NA,NA,WNW,E,11,19,60,58,1024.7,1021.8,0,1,14.4,17.7,No,No,
2009-09-03,Sydney,12,21.1,0,4.6,4.7,NA,NA,W,W,11,11,80,84,1020.7,1018.9,3,8,15.2,16.3,No,Yes,
2009-09-04,Sydney,14.7,25.3,6,1.8,6.9,NA,NA,W,WNW,11,13,81,43,1014.8,1010,7,5,16,25,Yes,No,
2009-09-05,Sydney,14.7,21.2,0,6.4,10.2,NA,NA,WSW,ESE,19,17,36,35,1016.1,1015.1,2,1,18.2,19.8,No,No,
2009-09-06,Sydney,10.4,18.2,0,3.8,10,NA,NA,W,ENE,13,26,53,58,1018.9,1014,3,1,14.4,17.7,No,No,
2009-09-07,Sydney,13.5,19.9,0,5.4,2.1,NA,NA,W,NE,17,28,74,57,1008.5,1000.8,7,6,14.6,19.1,No,Yes,
2009-09-08,Sydney,11.6,21.1,5.4,3.6,8.3,NA,NA,W,ENE,7,11,56,56,1008.2,1007.6,1,6,16.2,17,Yes,No,
2009-09-09,Sydney,10.3,20.8,0.2,3.6,11.2,NA,NA,W,WSW,20,26,47,35,1010.2,1008.8,1,3,15.7,20.4,No,No,
2009-09-10,Sydney,10,22.2,0,5,10.9,NA,NA,W,E,20,24,45,38,1015.9,1013.9,1,1,16,19.8,No,No,
2009-09-11,Sydney,9.5,22.4,0,5,10.7,NA,NA,WNW,E,15,20,50,47,1022.6,1019.4,0,1,15.2,18.4,No,No,
2009-09-12,Sydney,11,28.5,0,6,10.9,NA,NA,WNW,NE,11,9,49,27,1022.5,1019.1,0,0,17.3,25.5,No,No,
2009-09-13,Sydney,17.3,32.2,0,8.2,10.9,NA,NA,NNW,E,20,13,24,17,1019.6,1015.5,0,0,25.2,31.9,No,No,
2009-09-14,Sydney,18.1,19.7,0,7.4,6.2,NA,NA,S,SSE,30,20,70,60,1021.8,1021.3,5,6,18.5,18.4,No,No,
2009-09-15,Sydney,15.4,20.4,0,6.4,6.9,NA,NA,W,NE,9,17,77,66,1021.4,1016.4,7,6,16.9,19.7,No,No,
2009-09-16,Sydney,15.6,22.2,0,3.4,0,NA,NA,SW,SSE,9,11,80,79,1023,1019.7,8,7,17.4,19.5,No,No,
2009-09-17,Sydney,14.7,32.1,0,1.6,7.6,NA,NA,SE,NNW,4,31,68,25,1017,1010.1,2,6,22.2,31.2,No,No,
2009-09-18,Sydney,19,23.5,0,10.4,10.2,NA,NA,SW,SE,17,30,43,51,1017.9,1018.4,3,1,22.7,21.2,No,No,
2009-09-19,Sydney,13.1,20.8,0,5.4,9.7,NA,NA,W,E,9,20,63,63,1019.2,1013,1,3,18.3,19.4,No,No,
2009-09-20,Sydney,13.8,24.7,0,5.8,8.5,NA,NA,WNW,NE,9,15,49,30,1014.8,1010.9,4,6,20.7,23.7,No,No,
2009-09-21,Sydney,15.7,25.8,0,8.2,8.1,NA,NA,S,E,13,17,69,67,1014.7,1012,3,8,18.8,19.3,No,No,
2009-09-22,Sydney,17.1,31.7,0,3.4,8.2,NA,NA,NW,NNW,24,31,45,34,1002.8,998.3,0,1,25.8,30.9,No,Yes,
2009-09-23,Sydney,17,21.8,4.4,11.2,8,NA,NA,W,W,30,37,40,36,996.8,997.8,9,3,17.3,20.9,Yes,No,
2009-09-24,Sydney,15.1,25,0,7.6,11.3,NA,NA,W,WNW,31,17,36,26,1012.1,1009.6,1,1,18.8,24,No,No,
2009-09-25,Sydney,13.5,25.4,0,8,11.2,NA,NA,N,NE,17,24,36,33,1013.5,1007,0,0,21,22.4,No,No,
2009-09-26,Sydney,17.1,19.6,0,11.2,9,NA,NA,NA,W,NA,33,24,19,1004.3,1004.5,1,3,17.7,18.4,No,No,
2009-09-27,Sydney,10.1,17.2,0,8,10.8,NA,NA,W,W,39,35,30,23,1006.4,1004.1,1,3,13.9,16.9,No,No,
2009-09-28,Sydney,11,21.4,0,8.2,7.8,NA,NA,W,S,30,9,39,31,1007.6,1005.6,1,3,15.2,19.7,No,No,
2009-09-29,Sydney,11.4,21,0,4,11.1,NA,NA,W,E,17,19,42,45,1014.1,1011.8,1,2,17,18.8,No,No,
2009-09-30,Sydney,10.9,25.6,0,5.4,11,NA,NA,W,ENE,9,20,57,34,1017.7,1012.6,2,3,18.4,22,No,No,
2009-10-01,Sydney,14.9,33.1,0,7,10.8,NA,NA,NW,NA,15,NA,21,10,1013.4,1007.7,3,1,25.6,32.8,No,No,
2009-10-02,Sydney,16.5,20.7,0,10.2,0.5,NA,NA,NA,SE,NA,15,72,68,1013.4,1010,7,8,18.3,19.4,No,Yes,
2009-10-03,Sydney,13.6,15.2,12.6,3,0,NA,NA,SSW,S,22,19,91,89,1011.9,1014.1,8,8,13.8,14.5,Yes,Yes,
2009-10-04,Sydney,12.9,17,38.2,2.4,0,NA,NA,E,E,6,19,88,61,1021.5,1019.8,8,7,13.5,16.6,Yes,Yes,
2009-10-05,Sydney,13.1,20.2,3.4,1.8,2.2,NA,NA,W,E,13,11,91,65,1020.3,1017.1,7,7,14.2,18.4,Yes,Yes,
2009-10-06,Sydney,11.5,19.6,6.6,2.6,6.4,NA,NA,W,E,22,17,77,64,1020.6,1016.7,6,4,13.5,18,Yes,Yes,
2009-10-07,Sydney,10.6,19.3,7,3.6,8.8,NA,NA,W,WSW,20,22,51,29,1014.2,1011.3,1,5,14.1,18.5,Yes,Yes,
2009-10-08,Sydney,10.5,17.5,2.2,6.8,7.4,NA,NA,SW,SSW,26,39,49,48,1018,1019.9,6,5,13.8,16.9,Yes,No,
2009-10-09,Sydney,9.6,17.1,0,5.2,4.7,NA,NA,WSW,S,15,17,65,76,1025.4,1026,5,6,13.5,13.9,No,Yes,
2009-10-10,Sydney,8.9,18.6,24.4,3.4,6.7,NA,NA,W,S,15,19,84,59,1029.7,1027.3,4,7,12,17.6,Yes,Yes,
2009-10-11,Sydney,11.8,19.3,2.2,3.4,6.7,NA,NA,W,NNE,15,11,91,57,1025.2,1019.8,7,7,13.1,19.2,Yes,No,
2009-10-12,Sydney,11.3,22.6,0,4.8,4.7,NA,NA,E,E,4,6,61,63,1011.8,1006.4,2,8,17.8,21.1,No,No,
2009-10-13,Sydney,17,24.5,0,5,11.2,NA,NA,W,WNW,26,35,38,21,1002,998.7,1,2,20.1,24,No,No,
2009-10-14,Sydney,15.2,22.1,0,11.2,8.9,NA,NA,NW,WNW,20,30,36,34,1000.7,1000.7,1,5,19.7,17.8,No,No,
2009-10-15,Sydney,13.8,23,0,7.6,10,NA,NA,WNW,WNW,11,24,46,28,1008.4,1006.2,6,7,18.8,22,No,No,
2009-10-16,Sydney,11.8,21.2,0,7.4,12.1,NA,NA,W,W,33,26,42,19,1012,1011.8,1,2,15.1,20.5,No,No,
2009-10-17,Sydney,11.6,21.2,0,8,12.2,NA,NA,WNW,SE,15,20,53,43,1020.8,1020.6,1,1,16.8,20.3,No,Yes,
2009-10-18,Sydney,13.8,18.8,7,5.8,7.9,NA,NA,ENE,ESE,4,17,80,61,1027.4,1025.3,6,3,15.5,18.5,Yes,No,
2009-10-19,Sydney,12.4,20.8,1,4.4,12.2,NA,NA,W,E,7,19,71,57,1027.1,1024.7,1,1,16.6,20.4,No,No,
2009-10-20,Sydney,14.3,23,0,5.8,12.1,NA,NA,W,ENE,9,22,71,62,1023.5,1018.7,0,0,19,22,No,No,
2009-10-21,Sydney,15.6,34.6,0,7.6,11.6,NA,NA,WNW,E,15,19,44,28,1019.8,1016.8,1,3,21.1,29.7,No,No,
2009-10-22,Sydney,17.9,21.3,0,9.4,1.2,NA,NA,ESE,E,9,17,67,63,1024.9,1022.6,8,7,18.5,20,No,No,
2009-10-23,Sydney,17.5,22.9,0,5,11.1,NA,NA,NNW,E,7,22,66,70,1019.9,1014.7,3,1,21.3,21.6,No,No,
2009-10-24,Sydney,16.8,22.1,0,7,9.2,NA,NA,SSE,E,17,19,63,56,1019.5,1016.3,4,1,19.7,20.9,No,No,
2009-10-25,Sydney,17.9,20.9,0,5.6,1.1,NA,NA,E,WNW,7,7,72,94,1016,1015.7,7,8,20.3,16.5,No,Yes,
2009-10-26,Sydney,14.4,17,73.2,NA,0,NA,NA,SE,SE,31,26,91,60,1023.7,1025.3,8,8,14.7,16.6,Yes,Yes,
2009-10-27,Sydney,14.7,18.8,1.4,3.8,0,NA,NA,ESE,E,22,13,58,56,1029.5,1027.7,8,8,17,18.4,Yes,No,
2009-10-28,Sydney,14,22.8,0.6,3.6,6.3,NA,NA,W,E,13,20,76,68,1025.8,NA,6,2,18.8,21.1,No,No,
2009-10-29,Sydney,17,22,0.2,5,6,NA,NA,S,ESE,7,13,81,66,NA,1023.8,7,7,18.5,20.8,No,No,
2009-10-30,Sydney,17.3,23.4,0,4,9.8,NA,NA,E,ENE,11,22,78,60,1023.2,1020.6,5,1,20.5,22.8,No,No,
2009-10-31,Sydney,18.7,22.8,0,7.4,10.3,NA,NA,ENE,E,17,30,80,65,1025.2,1023.4,6,1,20,22.1,No,No,
2009-11-01,Sydney,16.9,24.2,0,8,10.1,NA,NA,NNE,NE,19,26,62,58,1024.5,1019.9,1,1,21.7,23.4,No,No,
2009-11-02,Sydney,18.8,26,0,7,6.9,NA,NA,SSW,ESE,17,19,82,68,1021,1017.5,8,7,20.6,24.5,No,No,
2009-11-03,Sydney,18.9,36.9,0,6.2,11,NA,NA,ESE,WNW,9,30,73,18,1011.9,1006.6,6,6,24,36.3,No,No,
2009-11-04,Sydney,19.4,19.9,0,13.2,0,NA,NA,SE,E,11,17,71,76,1017.9,1015.5,8,8,19.7,19.1,No,No,
2009-11-05,Sydney,16.9,19.8,0,2.2,1.1,NA,NA,SE,ESE,13,24,75,68,1020.9,1021.9,7,7,19.4,19.1,No,Yes,
2009-11-06,Sydney,16.7,21.3,1.4,3,0.8,NA,NA,ESE,NA,24,NA,66,57,1027.6,1027.1,7,7,19.2,20.8,Yes,Yes,
2009-11-07,Sydney,17.2,22.9,4.2,4.2,6.2,NA,NA,E,NA,20,NA,69,60,1030.5,1030,6,6,20.9,22.5,Yes,No,
2009-11-08,Sydney,19.1,21.9,0,6.4,0.7,NA,NA,ESE,E,9,15,75,89,1030.7,1028.8,8,8,20.4,19.9,No,No,
2009-11-09,Sydney,19.1,23.2,0.8,2.6,11,NA,NA,ENE,NA,19,NA,77,61,1027.2,1024,6,1,20.9,22.8,No,No,
2009-11-10,Sydney,15.9,23.9,0,5.4,12.8,NA,NA,NNE,ENE,4,26,61,54,1022.5,1020,1,0,21.6,23.2,No,No,
2009-11-11,Sydney,15.4,23.9,0,10.2,12.4,NA,NA,NA,E,NA,19,74,64,1022.6,1021.3,1,1,21,23.1,No,No,
2009-11-12,Sydney,16.6,26.7,0,6.8,11.2,NA,NA,NNW,NNE,17,20,70,54,1020,1013.4,0,6,22,26,No,Yes,
2009-11-13,Sydney,19.5,23,4,8.8,9.7,NA,NA,S,SSE,26,26,66,60,1020.1,1019.2,6,5,21.7,22.5,Yes,No,
2009-11-14,Sydney,15,24.3,0.2,6.2,12.6,NA,NA,WSW,ENE,6,26,66,56,1016.4,1011.4,2,2,20.1,23.4,No,No,
2009-11-15,Sydney,18.5,25.1,0,8.8,9.3,NA,NA,S,SE,17,20,74,63,1012.1,1011.7,4,5,22.2,23.8,No,No,
2009-11-16,Sydney,18.7,27.6,0,6.4,10.3,NA,NA,W,E,6,19,72,62,1008.8,1002,5,7,22.6,26.6,No,Yes,
2009-11-17,Sydney,19.4,23.6,1.4,8.8,5,NA,NA,SSE,SSE,20,28,61,59,1008.7,1009.7,7,7,21.1,21,Yes,No,
2009-11-18,Sydney,17.8,23.8,0,7.2,6.6,NA,NA,E,ENE,4,26,72,51,1013.2,1010.3,7,2,19.8,23.2,No,No,
2009-11-19,Sydney,18.4,26.5,0,8,10.6,NA,NA,E,ENE,9,13,70,63,1010.3,1009.2,3,3,23.6,26,No,No,
2009-11-20,Sydney,21,33.2,0,8.8,7.6,NA,NA,NW,E,9,4,71,52,1009.8,1005.7,0,8,26.2,29,No,No,
2009-11-21,Sydney,22,31.5,0,12.4,10.3,NA,NA,WSW,SE,4,13,56,45,1009.8,1006.6,7,7,25.4,30.2,No,No,
2009-11-22,Sydney,21.2,40.4,0,7.4,6,NA,NA,ENE,N,11,26,75,19,1005,1001.5,6,7,24,39.8,No,No,
2009-11-23,Sydney,19.9,22.8,0,13.4,0.3,NA,NA,SSE,SSE,28,30,62,68,1021,1022.6,7,8,21.4,20.4,No,No,
2009-11-24,Sydney,18.1,21.5,0,5.2,2.1,NA,NA,SSE,SSE,13,13,84,74,1026.2,1024.3,8,8,18.7,20.6,No,No,
2009-11-25,Sydney,18.3,25,0.2,3,12.2,NA,NA,W,E,4,30,82,74,1022.3,1018.4,2,0,21.3,24,No,No,
2009-11-26,Sydney,21.3,26.6,0,7.8,8.4,NA,NA,NE,NE,15,20,80,67,1017.5,1011.2,7,1,22.3,24.8,No,No,
2009-11-27,Sydney,21.3,33.2,1,7.8,12.4,NA,NA,WNW,E,17,24,50,41,1009.7,1007.1,1,1,26.1,28.7,No,No,
2009-11-28,Sydney,21.1,29.3,0,12.8,9.5,NA,NA,E,NE,7,22,63,51,1006.4,1000.2,0,6,26,28.2,No,No,
2009-11-29,Sydney,19.5,30.5,0,10.6,12.4,NA,NA,WNW,W,13,28,28,20,1000.9,998.7,0,5,25.3,29.3,No,No,
2009-11-30,Sydney,18.1,23.1,0,11.8,3.9,NA,NA,SSW,S,19,33,55,61,1008.1,1009.2,4,7,21.2,19.6,No,Yes,
2009-12-01,Sydney,14.3,21.2,4.4,6.4,9.6,NA,NA,S,S,22,24,58,59,1016.1,1017.4,2,5,17.9,19.4,Yes,Yes,
2009-12-02,Sydney,13.5,22.6,10.2,6.4,11.2,NA,NA,SSW,SE,17,22,69,44,1022,1021.7,7,2,17.3,21.5,Yes,No,
2009-12-03,Sydney,15.2,22.6,0,6.8,12.9,NA,NA,WNW,ENE,2,30,58,52,1022.6,1017.9,1,1,19.7,22,No,No,
2009-12-04,Sydney,17.3,24.4,0,8,12.5,NA,NA,S,SSE,26,30,69,61,1015.6,1015.6,0,5,21.8,22.5,No,No,
2009-12-05,Sydney,18.2,23.4,0,9.8,6.5,NA,NA,ENE,E,2,20,59,64,1015.2,1012.6,7,6,20.2,22,No,No,
2009-12-06,Sydney,18.7,25.6,0,6.2,10.5,NA,NA,ENE,ENE,11,30,61,58,1017.3,1015,5,1,23.4,23.8,No,No,
2009-12-07,Sydney,21.7,28.5,0,8.2,11.1,NA,NA,E,E,11,20,67,62,1011.8,1007.4,1,2,25.4,27.3,No,No,
2009-12-08,Sydney,20.1,27.6,0,10.2,8.8,NA,NA,WNW,E,9,26,68,70,1009.1,1000.8,7,3,22.6,24.1,No,No,
2009-12-09,Sydney,18.4,24,0.6,8.2,9.8,NA,NA,S,ESE,17,24,76,59,1011.1,1010.2,6,5,19.2,22,No,No,
2009-12-10,Sydney,19.2,28.8,0,7.8,1.2,NA,NA,NNW,NE,4,20,75,70,1011,1006,8,8,23.4,24.8,No,No,
2009-12-11,Sydney,19.9,28.8,0,7,12.9,NA,NA,WSW,ESE,11,24,30,30,1012.7,1013.1,2,1,24.1,25.1,No,No,
2009-12-12,Sydney,16.9,27.1,0,11.4,13,NA,NA,NNW,ENE,7,28,57,55,1018.7,1014,1,1,22.7,24.8,No,No,
2009-12-13,Sydney,20.3,27.4,0,8.4,11.1,NA,NA,S,SE,15,31,68,61,1016.3,1015.2,3,1,23.5,25.9,No,No,
2009-12-14,Sydney,20,24.3,0,9,0,NA,NA,ESE,ESE,11,19,72,69,1021.2,1021.1,7,8,21.3,21.1,No,No,
2009-12-15,Sydney,19.1,24.5,0,4.8,4.3,NA,NA,NE,ENE,15,22,59,62,1022.5,1020.3,6,7,24.3,23.6,No,No,
2009-12-16,Sydney,21.7,26.5,0,9.2,10.6,NA,NA,NE,NE,13,28,74,70,1020.3,1016.1,4,1,24.1,26,No,No,
2009-12-17,Sydney,21.5,32,0,10.4,11.6,NA,NA,E,NNE,13,37,71,51,1013.7,1008.5,0,5,26,29.8,No,Yes,
2009-12-18,Sydney,20.2,21.4,5.4,13.6,0,NA,NA,NE,SSE,11,20,87,83,1014.1,1016.7,8,8,20.2,18.5,Yes,Yes,
2009-12-19,Sydney,16.9,28.9,8,3.8,10,NA,NA,W,SSE,15,26,70,34,1015.1,1013.9,0,0,21.4,27.4,Yes,No,
2009-12-20,Sydney,19.6,22.5,0,10.2,0,NA,NA,SE,E,15,11,62,59,1021.2,1019.8,8,8,20.9,21.8,No,No,
2009-12-21,Sydney,19.9,24.9,0,4.4,9.7,NA,NA,NE,NE,17,26,65,64,1016.9,1012.6,4,6,22.4,23.3,No,No,
2009-12-22,Sydney,19.7,29.4,0,9,12,NA,NA,SSW,ENE,2,19,58,53,1011.5,1009.7,3,5,24.6,27.1,No,No,
2009-12-23,Sydney,19.7,NA,0,10,11.1,NA,NA,SSW,E,11,20,70,68,1015.4,1012.4,0,4,25.1,26.2,No,No,
2009-12-24,Sydney,NA,NA,0,10,NA,NA,NA,NE,NE,7,37,NA,69,NA,1009.9,2,8,NA,25.5,No,No,
2009-12-25,Sydney,21.6,28.1,0,10.8,NA,NA,NA,SSW,S,11,24,65,85,1010.1,1011,7,8,24.6,20.7,No,Yes,
2009-12-26,Sydney,17.7,20.2,12,2.8,0,NA,NA,SSW,SSW,17,20,91,85,1016.2,1016.4,8,8,17.8,18.6,Yes,Yes,
2009-12-27,Sydney,17.7,22.9,4.8,1.8,0,NA,NA,SSW,SSE,20,13,92,80,1017.9,1016.1,8,8,20.2,22.3,Yes,Yes,
2009-12-28,Sydney,20.1,23.1,16,2.6,1.4,NA,NA,SE,S,13,22,97,83,1014.8,1015.4,8,7,20.6,22.7,Yes,Yes,
2009-12-29,Sydney,19.8,26.1,5.4,2.4,11.9,NA,NA,S,SE,17,17,69,55,1021.4,1021.2,4,1,23,25.9,Yes,No,
2009-12-30,Sydney,19.8,25.2,0,8.6,12.8,NA,NA,S,SSE,20,20,66,57,1025,1023.1,5,4,22.4,24.5,No,No,
2009-12-31,Sydney,20.1,24.8,0,8,2,NA,NA,W,ENE,2,11,92,83,1020.9,1017.2,8,8,20.9,23.3,No,No,
2010-01-01,Sydney,20.9,29.3,0.4,2.8,1.1,NA,NA,E,NA,2,NA,84,56,1013.9,1010.4,8,7,24.3,29,No,No,
2010-01-02,Sydney,23.3,30.7,0,6.8,4.8,NA,NA,NA,NA,NA,NA,70,79,1007.7,1005.7,7,7,25.6,24.9,No,Yes,
2010-01-03,Sydney,18.9,21.5,8.6,7,0,NA,NA,NA,NA,NA,NA,80,74,1015.3,1016,8,8,20.1,20.8,Yes,No,
2010-01-04,Sydney,18.2,23.9,1,2.4,2.8,NA,NA,E,ENE,7,19,64,58,1020.6,1019.1,7,7,21.4,23.2,No,No,
2010-01-05,Sydney,18.3,26.1,0.2,4.6,10.4,NA,NA,ENE,ENE,13,20,64,60,1018.1,1014.6,1,2,23.6,25.7,No,No,
2010-01-06,Sydney,21.8,27.6,0,8.4,9.5,NA,NA,S,SE,15,17,83,71,1015.9,1013.8,7,5,22.5,24.8,No,No,
2010-01-07,Sydney,20.8,24.9,0,8,0.8,NA,NA,S,SE,13,15,66,59,1018.3,1017.4,8,8,21.8,23.4,No,No,
2010-01-08,Sydney,20.9,25.6,0.4,6,7.7,NA,NA,E,E,13,24,66,59,1021.7,1019.7,7,2,22.9,25.5,No,No,
2010-01-09,Sydney,20.8,32.4,0,5.4,13.2,NA,NA,WSW,NE,2,13,76,51,1018,1014.6,1,3,24.4,30.6,No,No,
2010-01-10,Sydney,24.1,30,0,11,12.7,NA,NA,N,SSE,2,20,65,56,1016.1,1015.4,1,2,28.3,28.9,No,No,
2010-01-11,Sydney,22.1,25.8,0,8.6,7.8,NA,NA,E,NE,11,24,64,60,1019.4,1016.1,6,3,24.2,25.8,No,No,
2010-01-12,Sydney,23,30.3,0,8.8,9.4,NA,NA,N,ENE,6,26,77,65,1013,1008.5,7,1,25,28.4,No,No,
2010-01-13,Sydney,23.7,27.7,0.2,9.2,8.8,NA,NA,SSE,SSE,19,35,64,69,1010.9,1011,1,6,27,25.4,No,Yes,
2010-01-14,Sydney,19.5,22.9,13,7.8,0.2,NA,NA,S,S,22,17,90,75,1017.7,1017.6,8,8,19.6,21,Yes,No,
2010-01-15,Sydney,19,25.1,0.2,3.8,3,NA,NA,SSW,ESE,9,17,83,74,1018.9,1017.2,8,7,21.7,24.4,No,No,
2010-01-16,Sydney,21.7,25.9,0.2,5.4,4.8,NA,NA,NE,ENE,11,22,72,63,1014,1009.6,6,7,23.4,24.5,No,No,
2010-01-17,Sydney,20.3,27.3,0,6.6,10.3,NA,NA,NA,SSE,0,26,64,68,1004.2,1003,3,7,24.6,25.6,No,No,
2010-01-18,Sydney,16.7,25.7,0,8,13,NA,NA,W,W,15,28,55,14,1002.9,1002.5,1,2,21,25.1,No,No,
2010-01-19,Sydney,15.6,26.8,0,10,13.3,NA,NA,WSW,E,15,22,39,31,1009.5,1007.4,1,1,19.8,22.9,No,No,
2010-01-20,Sydney,17.4,28.9,0,10.4,13,NA,NA,WNW,E,7,24,41,34,1010.4,1007.8,0,0,23.2,26.6,No,No,
2010-01-21,Sydney,19.5,27.4,0,9,12.8,NA,NA,W,E,6,24,74,58,1012.3,1008.4,3,2,24,27.4,No,No,
2010-01-22,Sydney,22.6,32.6,0,8.2,9.6,NA,NA,W,E,7,15,77,64,1013.6,1008.8,3,2,25,29.2,No,No,
2010-01-23,Sydney,25,41.3,0,13.4,5.6,NA,NA,NW,SSE,26,6,28,17,1007.8,1005.4,5,5,31.9,39.9,No,Yes,
2010-01-24,Sydney,18.4,23,6.2,8.6,0.1,NA,NA,SSW,ESE,7,11,92,66,1016.3,1014.5,8,8,19.5,22.6,Yes,No,
2010-01-25,Sydney,19.5,26.1,0.4,3.6,2.8,NA,NA,WNW,E,2,19,80,70,1014.8,1011.8,8,7,22.4,25.7,No,No,
2010-01-26,Sydney,22.3,29,0,4,8.6,NA,NA,NE,ENE,6,19,83,69,1010.9,1007.2,6,3,25.1,27.7,No,No,
2010-01-27,Sydney,22.9,27.1,0,6.2,4.6,NA,NA,S,SSE,19,20,78,72,1015.1,1013.6,8,8,23.4,25,No,No,
2010-01-28,Sydney,22.2,26.6,0,4.8,1.8,NA,NA,NA,ENE,0,17,80,81,1012.1,1009.5,8,8,23.7,24.6,No,Yes,
2010-01-29,Sydney,19.6,30.2,2.6,3.4,9.5,NA,NA,WNW,SE,7,20,81,53,1008.6,1010,1,1,22.2,29.6,Yes,Yes,
2010-01-30,Sydney,20.5,27.3,2.6,6.4,7,NA,NA,S,SE,26,13,82,66,1018.6,1017.9,8,7,21.6,26.4,Yes,No,
2010-01-31,Sydney,21.5,26.6,0,5.4,9.2,NA,NA,E,E,19,24,75,70,1016.7,1014.6,6,7,25.6,26,No,No,
2010-02-01,Sydney,22.6,27.7,0,7.8,7.9,NA,NA,E,E,13,24,73,66,1015.9,1016.1,6,7,25.6,26.6,No,No,
2010-02-02,Sydney,22.7,27.7,0.6,8,9.8,NA,NA,ESE,SE,19,30,61,60,1017.8,1016.4,6,7,25,25.9,No,Yes,
2010-02-03,Sydney,21.4,27.3,23.4,6.4,7.3,NA,NA,E,E,26,26,90,66,1014.9,1014.3,7,4,22,27.2,Yes,Yes,
2010-02-04,Sydney,21.9,27.2,3.4,6,3.9,NA,NA,E,E,28,28,83,76,1013.9,1011.3,7,7,25.2,26.1,Yes,Yes,
2010-02-05,Sydney,23.1,26.5,4,4.8,3,NA,NA,NE,NNE,11,19,79,88,1010.1,1008.8,7,7,25.8,24.9,Yes,Yes,
2010-02-06,Sydney,20.5,22.4,31.2,5,0,NA,NA,S,S,31,24,95,95,1015.7,1016.2,7,8,21.6,22.2,Yes,Yes,
2010-02-07,Sydney,20.2,25,77.4,7.4,0.2,NA,NA,SSW,SE,19,15,95,86,1021.6,1020.8,7,8,21.1,23.8,Yes,Yes,
2010-02-08,Sydney,21,27.6,3.4,1.8,2.3,NA,NA,ESE,E,7,22,76,70,1022.9,1021.9,8,7,23.5,26.3,Yes,No,
2010-02-09,Sydney,22.8,27.6,0,5.8,9.9,NA,NA,W,E,4,24,83,65,1023,1021.2,6,3,24.3,27.3,No,No,
2010-02-10,Sydney,21.7,27.9,0.4,5.8,10.1,NA,NA,NE,ENE,9,20,72,61,1020.6,1017.6,2,2,25.6,27.3,No,No,
2010-02-11,Sydney,21.4,28.2,0,8.8,6.9,NA,NA,E,ENE,4,26,71,60,1017.1,1013.5,2,2,25.3,27.4,No,No,
2010-02-12,Sydney,23.9,37.8,0,9,9.8,NA,NA,W,WNW,2,15,71,32,1008.7,1005.5,6,7,26.9,37.4,No,Yes,
2010-02-13,Sydney,21.4,25.5,70,9.4,0.3,NA,NA,S,E,17,11,92,80,1011.9,1010.2,8,8,22.1,25.2,Yes,Yes,
2010-02-14,Sydney,22.1,26.4,10,2,1.4,NA,NA,W,E,9,11,91,92,1007.3,1004.5,7,8,23.5,23.9,Yes,Yes,
2010-02-15,Sydney,20.2,30,15.2,2.8,9.9,NA,NA,W,ENE,11,17,95,67,1006.7,1003.5,6,3,21.4,28.5,Yes,No,
2010-02-16,Sydney,21.3,26.4,0.2,7.6,8.7,NA,NA,W,S,22,35,65,57,1011.8,1013.6,7,7,22.3,25,No,No,
2010-02-17,Sydney,18.5,25.6,0,7.8,12.8,NA,NA,SW,SE,9,20,64,56,1016.7,1016,3,2,21.4,25.4,No,No,
2010-02-18,Sydney,18.3,25.9,0,8,12,NA,NA,SE,SE,19,20,52,51,1022.4,1023.4,5,5,23.7,24.9,No,No,
2010-02-19,Sydney,20.2,25.5,0,7.2,8,NA,NA,ESE,E,19,13,60,51,1024.8,1023.1,5,6,22.6,25,No,No,
2010-02-20,Sydney,18.9,27.3,0,6.4,11.8,NA,NA,W,NE,13,24,76,54,1021.9,1018.4,1,2,22.2,26.1,No,No,
2010-02-21,Sydney,20.7,29.8,0,9.6,11.6,NA,NA,W,E,4,15,75,59,1018,1014.8,1,1,23.5,28.6,No,No,
2010-02-22,Sydney,23.2,35.4,0,9.4,11.9,NA,NA,W,E,7,20,61,46,1015.4,1011.7,0,3,26.7,32.5,No,No,
2010-02-23,Sydney,26,28.6,0,10.4,7.4,NA,NA,S,SE,24,28,54,60,1013.6,1016.3,1,7,28.5,23.7,No,No,
2010-02-24,Sydney,21.1,24.1,0,9.2,1.5,NA,NA,ESE,E,9,13,55,52,1021.7,1021.4,8,7,22.4,23.8,No,No,
2010-02-25,Sydney,20.5,24.6,0,4.4,9.3,NA,NA,E,ESE,15,22,45,46,1026.4,1026.6,2,2,23.3,24.2,No,No,
2010-02-26,Sydney,18.1,25.1,0,6,1.6,NA,NA,W,ESE,7,7,73,58,1027,1024.4,6,7,20.2,24.6,No,No,
2010-02-27,Sydney,18.4,27,0.2,3.8,11.8,NA,NA,W,NE,2,19,79,60,1021.6,1017.8,5,1,21.9,26.5,No,No,
2010-02-28,Sydney,21,26.7,0,8,3.8,NA,NA,WSW,ESE,4,13,83,72,1017.1,1014.3,7,8,23.7,25.8,No,Yes,
2010-03-01,Sydney,19.2,19.7,4.2,5,0,NA,NA,SSW,SE,19,17,68,84,1018.9,1018.4,8,8,19.4,19.2,Yes,Yes,
2010-03-02,Sydney,17.3,23,9,3.8,1.3,NA,NA,SE,SE,17,17,52,52,1019.3,1018.2,7,7,19.5,21.8,Yes,No,
2010-03-03,Sydney,18.2,24.4,0.2,7.2,7.5,NA,NA,SE,ESE,11,19,53,53,1019.4,1018.2,3,5,22.7,23.5,No,No,
2010-03-04,Sydney,17.2,25.2,0,4.4,7.9,NA,NA,NA,E,0,26,73,67,1016.2,1013.7,7,5,20.9,24.7,No,No,
2010-03-05,Sydney,20.5,25.1,0,5.2,1,NA,NA,NE,ENE,20,15,72,83,1011.5,1009.6,7,8,23.9,23.5,No,Yes,
2010-03-06,Sydney,20.9,26.7,14,3.4,6.2,NA,NA,NNW,NE,2,15,90,77,1011.9,1010.8,6,3,22.4,25.1,Yes,No,
2010-03-07,Sydney,22.3,26.4,0,5,5,NA,NA,ENE,ENE,19,33,71,68,1013.8,1012,2,7,25,25.6,No,No,
2010-03-08,Sydney,22.6,29.2,0,6.4,6.4,NA,NA,ENE,NE,11,17,72,65,1011.6,1009.6,6,7,24.8,27.4,No,No,
2010-03-09,Sydney,20.8,30,0,9.2,11.7,NA,NA,WNW,W,11,22,46,35,1013.4,1012.2,1,1,23.9,29.6,No,No,
2010-03-10,Sydney,19.2,20.8,0.2,8,0.3,NA,NA,S,SSE,20,24,85,67,1020.8,1022.5,8,8,19.3,20.4,No,No,
2010-03-11,Sydney,18.2,24.2,0,5.2,9,NA,NA,S,SSE,24,24,63,49,1031.1,1031.5,2,4,20.4,23.6,No,No,
2010-03-12,Sydney,18.7,24.5,0.2,9,7.9,NA,NA,SE,SE,19,28,55,54,1035,1034.8,2,4,23.3,22.5,No,No,
2010-03-13,Sydney,17.4,24.7,0,7.4,7.1,NA,NA,SSE,SE,22,19,68,52,1034.3,1032.9,2,6,20.5,22.8,No,Yes,
2010-03-14,Sydney,16.2,24.6,5.6,5.6,6.9,NA,NA,W,ESE,13,17,87,50,1030.4,1027.8,2,5,18.7,23,Yes,No,
2010-03-15,Sydney,18,25.2,0,5.4,5.9,NA,NA,W,E,11,15,78,57,1025.7,1022.4,7,2,19.7,24.5,No,No,
2010-03-16,Sydney,17.4,25.5,0,5.8,11,NA,NA,W,E,15,19,82,54,1023.5,1022.7,3,1,20,25.1,No,No,
2010-03-17,Sydney,15.6,26,0,5.4,11.3,NA,NA,W,E,13,19,80,54,1025.7,1024.5,0,1,18.8,24.4,No,No,
2010-03-18,Sydney,17,26.5,0,6.6,10.2,NA,NA,W,ENE,9,17,77,51,1026.5,1023.7,6,4,19.8,25.3,No,No,
2010-03-19,Sydney,18.2,27.4,0,7,11.2,NA,NA,W,ENE,6,17,82,60,1022.2,1019.2,6,3,20.1,26.9,No,No,
2010-03-20,Sydney,19.8,29,0,6.2,11.1,NA,NA,W,E,15,15,64,68,1021,1019.5,3,1,22.8,26.5,No,No,
2010-03-21,Sydney,21.7,30.9,0,7,9,NA,NA,W,E,9,19,64,56,1017.9,1014.3,6,6,23.5,28,No,No,
2010-03-22,Sydney,20.8,25,0,8.4,6.3,NA,NA,ESE,ESE,9,19,64,57,1020.1,1018.7,7,5,22.5,24.1,No,No,
2010-03-23,Sydney,18.7,27,0,4.4,10.9,NA,NA,WNW,ENE,13,22,74,60,1020.1,1017.4,0,5,21.6,26.1,No,No,
2010-03-24,Sydney,18.7,26,0,7.6,6.1,NA,NA,W,ESE,17,20,79,58,1021.6,1020.8,7,5,20.3,25.3,No,No,
2010-03-25,Sydney,19.5,25.5,0,4,8.7,NA,NA,W,NE,7,20,75,61,1023.4,1019.6,6,1,21.1,24.8,No,No,
2010-03-26,Sydney,19.5,29.6,0,5.6,8.9,NA,NA,W,ENE,9,9,80,52,1019.1,1015.4,0,2,22.6,29.5,No,No,
2010-03-27,Sydney,22.4,26.9,0,7.4,7.2,NA,NA,SSW,S,17,19,80,66,1019.6,1018.4,6,7,23,25.5,No,No,
2010-03-28,Sydney,20.8,26.4,0,5.4,8.2,NA,NA,W,NE,6,19,82,66,1019.2,1014.9,2,7,23.1,26.2,No,No,
2010-03-29,Sydney,22.4,27.5,0,2.8,0.1,NA,NA,W,W,7,11,78,56,1016.9,1016.4,7,8,23.2,26.7,No,Yes,
2010-03-30,Sydney,20.5,21.3,4,NA,0,NA,NA,SSW,SSW,4,9,92,88,1019.8,1018.4,8,8,20.6,21.2,Yes,Yes,
2010-03-31,Sydney,18.9,23.1,14,2.6,3.1,NA,NA,S,S,24,30,68,67,1019.5,1017.5,7,6,21,22,Yes,No,
2010-04-01,Sydney,16,25.3,0.2,3.6,10.8,NA,NA,W,S,24,19,68,45,1018.3,1016.3,2,1,18.4,24.8,No,No,
2010-04-02,Sydney,17.2,24.6,0,5.8,9.4,NA,NA,W,S,13,24,74,46,1019.9,1018.5,5,2,19,24.3,No,No,
2010-04-03,Sydney,15.9,24,0,6.6,7.2,NA,NA,WNW,SE,17,15,72,56,1021.4,1020,2,3,18.6,22.1,No,Yes,
2010-04-04,Sydney,15.4,22.4,6.8,3.2,6.6,NA,NA,W,SSE,13,19,84,59,1022.9,1020.5,6,6,17.7,20.7,Yes,Yes,
2010-04-05,Sydney,15.2,21.5,1.2,4.4,2.5,NA,NA,WNW,SE,9,7,76,64,1021.1,1019,5,7,19.6,20.5,Yes,No,
2010-04-06,Sydney,17,23.3,0.8,2.2,3.6,NA,NA,NA,E,0,17,74,62,1020.5,1017.6,6,7,21.4,22.4,No,Yes,
2010-04-07,Sydney,18.5,25.9,3.8,2.8,1.1,NA,NA,NNE,NNW,15,22,90,65,1016.6,1012.3,8,7,19.1,24.5,Yes,Yes,
2010-04-08,Sydney,19,28.7,3,1.4,9.4,NA,NA,W,SSE,17,17,77,71,1012.5,1011.8,3,3,22.2,24.3,Yes,Yes,
2010-04-09,Sydney,16.4,25,4.4,5,9.9,NA,NA,WNW,SE,15,20,68,55,1014.8,1011.1,2,6,20.8,22.4,Yes,No,
2010-04-10,Sydney,17.2,27.9,0,6.2,7.4,NA,NA,W,E,9,17,78,41,1010.5,1007.6,6,1,18.6,27.6,No,No,
2010-04-11,Sydney,18.6,27.9,0,3.8,10.1,NA,NA,NNW,WNW,15,20,58,33,1007.9,1006,5,3,24.5,27.7,No,No,
2010-04-12,Sydney,14.9,24.5,0,8.6,10.6,NA,NA,W,WSW,30,20,33,22,1014.3,1011.7,1,2,16.8,24.2,No,No,
2010-04-13,Sydney,13.1,22.3,0,5.6,10.7,NA,NA,W,SSE,17,19,52,46,1021.8,1020.3,1,1,17.6,21.3,No,No,
2010-04-14,Sydney,12.3,25,0,3.8,10.7,NA,NA,W,ENE,15,17,71,49,1022.8,1019.3,0,2,15.9,23,No,No,
2010-04-15,Sydney,14.9,24.9,0,6,9.3,NA,NA,W,ESE,15,19,77,62,1021.9,1020.5,6,3,17.5,23.3,No,No,
2010-04-16,Sydney,16.9,22.3,0,3.6,1.5,NA,NA,WNW,SSE,9,15,77,64,1027,1025.1,7,6,18.1,21.8,No,No,
2010-04-17,Sydney,15.8,25.3,0.6,2.4,10.8,NA,NA,W,ESE,11,15,82,63,1028.1,1026,1,3,19.1,24.2,No,No,
2010-04-18,Sydney,NA,25,0,3.6,10.7,NA,NA,WNW,ESE,11,13,84,66,1027.3,1024.3,2,2,19.9,23.6,No,No,
2010-04-19,Sydney,17.2,24.9,0,2.8,9.6,NA,NA,WNW,E,6,13,82,65,1026,1023.7,2,2,20.5,24.2,No,No,
2010-04-20,Sydney,17.3,24.8,0,4.4,9.3,NA,NA,W,E,13,15,87,57,1025.2,1021.7,1,5,20,24.4,No,No,
2010-04-21,Sydney,16.7,24.2,0,3.4,10.3,NA,NA,W,ENE,15,20,95,63,1023.4,1020.4,1,1,17.6,23.9,No,No,
2010-04-22,Sydney,16.7,25.7,0,5.4,10.6,NA,NA,WNW,E,11,19,81,63,1022.9,1019.4,1,1,19.3,23.9,No,No,
2010-04-23,Sydney,16.6,30.7,0,3.2,10.6,NA,NA,W,NE,13,11,68,50,1020.6,1016,1,1,20.2,26.5,No,No,
2010-04-24,Sydney,20.2,28.6,0,7.2,3.4,NA,NA,NW,NNW,11,20,57,49,1014.3,1009.9,7,7,22.8,26.4,No,Yes,
2010-04-25,Sydney,17.2,22.8,8.8,5,3.8,NA,NA,W,S,20,20,77,70,1013.2,1013.5,7,5,17.3,19.2,Yes,No,
2010-04-26,Sydney,12.5,21.8,0.4,3,10.5,NA,NA,W,SE,24,15,56,46,1024.3,1022.3,1,1,15.1,21.5,No,No,
2010-04-27,Sydney,11.7,20.4,0,4.4,2.2,NA,NA,W,W,19,11,65,41,1020.4,1017.8,6,7,14.2,20.1,No,No,
2010-04-28,Sydney,12.6,24.9,0,2.4,10.6,NA,NA,W,W,15,9,64,32,1021,1016.7,0,1,16,24.5,No,No,
2010-04-29,Sydney,13.4,24.6,0,5,10.7,NA,NA,W,WNW,24,17,44,35,1019.9,1017,1,1,18.2,24.5,No,No,
2010-04-30,Sydney,14,19.4,0,5,0.3,NA,NA,W,S,20,13,79,64,1025.2,1024.4,8,7,14.4,19.2,No,Yes,
2010-05-01,Sydney,14.3,21.7,1.8,2.4,4.6,NA,NA,W,ENE,13,13,89,74,1027.6,1024.4,7,6,15.1,20.6,Yes,No,
2010-05-02,Sydney,13.9,26.5,0,1.2,8.2,NA,NA,W,SW,19,2,90,30,1024.8,1022.1,2,1,15.3,26.3,No,No,
2010-05-03,Sydney,14.8,23.1,0.2,4,6.5,NA,NA,W,ESE,15,6,75,60,1027.6,1024.3,4,6,18,22.7,No,No,
2010-05-04,Sydney,16.2,24.8,0,2.8,4.2,NA,NA,WNW,NE,2,17,80,54,1021.3,1015.8,7,5,19.2,24.2,No,No,
2010-05-05,Sydney,15.4,21.1,0,3.8,5.9,NA,NA,NNE,W,7,28,59,41,1012.2,1011.3,7,3,18.7,18.1,No,Yes,
2010-05-06,Sydney,10.4,22.3,2,4.4,10.2,NA,NA,W,WSW,24,7,48,34,1020,1018.3,1,1,13.9,21.5,Yes,No,
2010-05-07,Sydney,11.3,23.1,0,3.8,10.1,NA,NA,W,WSW,20,6,62,33,1022.4,1018.3,1,1,13.5,22.9,No,No,
2010-05-08,Sydney,11.1,24.4,0,4,10.1,NA,NA,W,E,20,11,65,46,1021.9,1019.3,1,1,14.1,22.6,No,No,
2010-05-09,Sydney,12.3,24.6,0,2,10.2,NA,NA,NA,E,NA,17,68,50,1022,1018.3,1,1,15.3,22.4,No,No,
2010-05-10,Sydney,12.7,22.6,0,4.4,10.2,NA,NA,W,NE,13,19,78,61,1020.3,1015.8,1,1,15.7,22,No,No,
2010-05-11,Sydney,12.8,27,0,4.2,9.7,NA,NA,W,W,11,30,64,19,1012.6,1008.7,1,1,16.3,25.7,No,No,
2010-05-12,Sydney,10.5,18.9,0,8,10.2,NA,NA,WSW,S,28,26,40,29,1017.9,1016.9,1,1,12.7,18.5,No,No,
2010-05-13,Sydney,9,21.9,0,4.4,9.4,NA,NA,W,S,24,17,53,36,1018.8,1015.8,1,2,12,20.7,No,No,
2010-05-14,Sydney,10.6,21.1,0,4.4,10.1,NA,NA,W,SW,19,22,60,35,1018.4,1014.9,1,2,13,20.3,No,No,
2010-05-15,Sydney,10.5,21.7,0,4,9,NA,NA,W,S,20,24,62,47,1017.6,1016.1,1,3,13.2,20.5,No,No,
2010-05-16,Sydney,11,21.6,0,4.4,7.7,NA,NA,W,SSE,17,13,71,60,1020.9,1018.4,2,6,12.7,19.7,No,No,
2010-05-17,Sydney,12.7,17.9,1,2.4,0.2,NA,NA,W,WNW,19,4,85,68,1019.7,1016.7,8,8,13.1,16.5,No,Yes,
2010-05-18,Sydney,12.4,15.4,13.8,1,0,NA,NA,W,SW,22,17,94,92,1018.2,1017.4,8,8,13,14.9,Yes,Yes,
2010-05-19,Sydney,11.7,20,47.8,NA,6.1,NA,NA,W,SSE,20,9,91,62,1022.1,1020.3,7,3,13,20,Yes,No,
2010-05-20,Sydney,11.2,19.7,1,2.8,6.1,NA,NA,W,ESE,19,11,82,55,1023.1,1019.9,6,6,12.7,19.3,No,No,
2010-05-21,Sydney,11.7,19.5,0,1.2,6.4,NA,NA,WNW,SSE,13,20,83,58,1020.6,1017.9,3,6,13.9,18.4,No,Yes,
2010-05-22,Sydney,10.8,18.6,17.2,2.8,4.8,NA,NA,W,SSW,22,24,92,58,1021.5,1019.7,7,3,11.3,18.4,Yes,Yes,
2010-05-23,Sydney,9.5,14.7,14.2,5,0.4,NA,NA,W,W,19,11,91,93,1023.6,1020.8,7,6,10.4,14.3,Yes,Yes,
2010-05-24,Sydney,10.4,18,5.6,0.2,1.1,NA,NA,W,E,15,4,86,68,1019.7,1015.7,7,7,12.1,17.8,Yes,No,
2010-05-25,Sydney,12.1,16.9,0.8,NA,0.1,NA,NA,WNW,WNW,11,7,89,84,1011.7,1006.3,7,7,14.1,16.8,No,Yes,
2010-05-26,Sydney,13.4,17.3,9,2.2,0,NA,NA,W,ESE,17,50,96,94,1004.8,1004.9,8,8,13.5,15.6,Yes,Yes,
2010-05-27,Sydney,13.5,18.7,33.6,5.8,3.3,NA,NA,SE,S,15,11,82,62,1018,1017.6,6,7,15.9,18.3,Yes,Yes,
2010-05-28,Sydney,11.7,19.9,1.6,1.4,4.6,NA,NA,W,E,15,7,92,53,1021,1017.1,7,5,12.9,19.8,Yes,Yes,
2010-05-29,Sydney,12.9,17.1,3,2.8,0,NA,NA,N,NE,11,4,88,87,1009.5,1004.7,7,8,15.8,16.2,Yes,Yes,
2010-05-30,Sydney,11.8,19.1,3,1.4,2.2,NA,NA,WNW,W,15,2,78,56,1003.2,1002.4,4,6,13,18.7,Yes,Yes,
2010-05-31,Sydney,12.6,20,12.8,1.6,3.9,NA,NA,SSW,S,22,28,87,68,1008.3,1010.2,7,7,16.5,19.1,Yes,Yes,
2010-06-01,Sydney,11.7,19.7,12.4,2.6,3.6,NA,NA,W,S,15,19,80,60,1019.2,1017.7,7,7,14.5,18.5,Yes,No,
2010-06-02,Sydney,11.2,20.1,0,3,7,NA,NA,W,SSW,19,13,81,63,1020.9,1019.6,6,5,12.7,19,No,Yes,
2010-06-03,Sydney,12.7,18.6,6,2.4,0.8,NA,NA,SSW,ESE,19,24,91,90,1023,1020,7,7,15.2,17.1,Yes,Yes,
2010-06-04,Sydney,15.2,17.7,26.4,3.4,0,NA,NA,E,SSE,26,30,85,94,1018.7,1015.5,7,8,17.3,16.4,Yes,Yes,
2010-06-05,Sydney,12.5,20.5,61.4,1,4.4,NA,NA,W,SSW,22,15,80,67,1014.2,1012,5,7,13.5,17.4,Yes,No,
2010-06-06,Sydney,9.5,18.5,0.4,2.2,6.5,NA,NA,W,SW,28,22,64,70,1014.7,1015.8,1,7,11.3,15.2,No,Yes,
2010-06-07,Sydney,9.1,15.5,4.2,3.4,3.9,NA,NA,W,SSW,24,20,60,77,1024.3,1023,2,7,10.6,14.3,Yes,No,
2010-06-08,Sydney,9.1,18.5,0.4,NA,9,NA,NA,W,NE,22,6,78,62,1023.5,1018.7,5,4,10.6,16.3,No,No,
2010-06-09,Sydney,9.5,16.7,0,2.2,7.2,NA,NA,W,WNW,6,30,71,34,1012,1008.3,5,3,11.1,15.7,No,No,
2010-06-10,Sydney,10.3,17.2,0,3.8,7.2,NA,NA,W,SSW,26,13,48,30,1017.5,1017.7,NA,NA,11.3,16.8,No,No,
2010-06-11,Sydney,6.2,17.4,0,3.2,9.8,NA,NA,W,W,19,22,64,37,1019.9,1016,0,1,9,16.9,No,No,
2010-06-12,Sydney,9,16.7,0,3,9.6,NA,NA,W,S,20,22,63,42,1022,1021.7,1,2,11.5,15.8,No,No,
2010-06-13,Sydney,6.6,17.9,0,3.8,9.5,NA,NA,W,S,22,13,66,50,1029.8,1028.9,1,1,8.4,17.1,No,No,
2010-06-14,Sydney,6.9,18.3,0,1.8,9.5,NA,NA,W,ENE,22,2,75,50,1034.7,1032,NA,NA,8.9,17.8,No,No,
2010-06-15,Sydney,8.1,19.3,0,2,9.3,NA,NA,W,ENE,17,7,86,56,1032.7,1028.9,NA,NA,10,17.6,No,No,
2010-06-16,Sydney,9.1,18.9,0,1.6,9.6,NA,NA,WNW,ENE,11,15,89,59,1028.9,1024.1,2,2,10.6,18.3,No,No,
2010-06-17,Sydney,10.6,17.3,0,4,1.7,NA,NA,NNW,N,11,22,67,69,1016,1010.5,8,5,14.2,16.6,No,No,
2010-06-18,Sydney,9.8,18,0.6,3,9.6,NA,NA,W,W,15,9,58,39,1017.1,1015.5,NA,NA,12.1,17.8,No,NA,
2010-06-19,Sydney,8.5,19.5,NA,2.8,9.7,NA,NA,W,W,19,30,59,41,1018.6,1017.6,NA,NA,11.8,18.8,NA,No,
2010-06-20,Sydney,9.5,20.2,0,3,9.8,NA,NA,W,ESE,19,7,71,40,1025,1023.8,NA,NA,11.3,20,No,Yes,
2010-06-21,Sydney,10.1,16,8.2,3.4,4.2,NA,NA,W,S,15,17,95,80,1032.8,1032.5,7,4,11.5,15.7,Yes,Yes,
2010-06-22,Sydney,11.5,17.2,3.4,2,NA,NA,NA,SSW,SSW,9,15,84,78,1037,1035.7,6,7,14.3,14.7,Yes,Yes,
2010-06-23,Sydney,12.6,15.6,4,2.2,0.2,NA,NA,SSE,S,17,6,83,90,1036.7,1034.1,7,7,14.4,14.6,Yes,Yes,
2010-06-24,Sydney,11.8,17,18.8,0.6,5.2,NA,NA,W,E,15,19,96,64,1031.6,1027.1,7,2,12.2,17,Yes,No,
2010-06-25,Sydney,12.2,18.4,0,3.2,2.8,NA,NA,W,N,13,17,83,65,1025.1,1020.7,6,6,13.7,18.4,No,No,
2010-06-26,Sydney,13.5,20,1,1.4,4,NA,NA,WNW,WSW,20,17,78,50,1017.3,1016.3,7,2,15.2,19.7,No,No,
2010-06-27,Sydney,6.7,14.9,0,2.8,6.8,NA,NA,W,SSW,20,22,72,53,1021,1018.9,1,6,8.1,13.9,No,No,
2010-06-28,Sydney,5.5,15.8,0,2,9.7,NA,NA,W,W,22,9,68,36,1021,1017.7,1,1,7,15.3,No,No,
2010-06-29,Sydney,4.7,14.4,0,2.6,9.9,NA,NA,WNW,WSW,13,6,63,36,1020.1,1017,0,0,7,14.4,No,No,
2010-06-30,Sydney,4.3,16.1,0,3,9.3,NA,NA,W,WNW,11,4,70,41,1020.8,1018.5,0,1,6.4,15.7,No,No,
2010-07-01,Sydney,6.4,17.1,0,2,8.6,NA,NA,W,W,20,7,70,40,1024.9,1022.8,4,4,8.5,16.9,No,No,
2010-07-02,Sydney,7.6,12.1,0,2,0,NA,NA,W,W,15,11,74,65,1026.8,1023.5,7,8,9.2,11.9,No,No,
2010-07-03,Sydney,7.7,16.3,0.6,1.8,9.8,NA,NA,W,SSW,24,24,68,38,1025.6,1026.1,1,2,9.1,15.6,No,No,
2010-07-04,Sydney,7.8,17.8,0,3.2,8.8,NA,NA,W,S,22,17,68,56,1029.7,1026.9,2,4,8.9,16.9,No,No,
2010-07-05,Sydney,8.8,13.5,0,3.4,0.1,NA,NA,W,W,20,11,76,83,1027.2,1024.1,7,8,9.7,13.1,No,Yes,
2010-07-06,Sydney,9.7,17.2,4.2,0.4,3.5,NA,NA,W,SSW,7,17,95,67,1016.7,1015.1,6,7,10.8,15.1,Yes,Yes,
2010-07-07,Sydney,9.6,16,2.6,1.4,2.9,NA,NA,W,S,22,20,83,70,1023.9,1022.5,7,6,10.3,15.3,Yes,Yes,
2010-07-08,Sydney,8,14.8,2,2.6,2.3,NA,NA,W,SSW,17,19,80,92,NA,1025.6,3,8,11,12.8,Yes,Yes,
2010-07-09,Sydney,9.7,15.6,32,0,3.8,NA,NA,WNW,S,19,9,96,83,1029.6,1027.9,6,7,10.7,13.9,Yes,Yes,
2010-07-10,Sydney,8.6,17.6,4.6,2,4.8,NA,NA,W,ENE,17,11,95,65,1028.9,1025,6,7,9.9,16.6,Yes,No,
2010-07-11,Sydney,9.9,19,0.2,1.2,1,NA,NA,N,NW,13,7,61,76,1022.2,1019.8,7,7,16.7,17.3,No,No,
2010-07-12,Sydney,10.1,16.9,0.2,2,2.1,NA,NA,W,WNW,19,6,87,61,1023.6,1021.1,6,7,11.4,16,No,No,
2010-07-13,Sydney,11.4,18.6,0,0.6,0,NA,NA,W,NNE,7,7,83,78,1020.3,1014.6,7,8,14.1,17.7,No,No,
2010-07-14,Sydney,13.9,18.1,1,1.8,8,NA,NA,WNW,WNW,20,22,56,33,1008.7,1008.6,3,1,14.4,17.4,No,No,
2010-07-15,Sydney,10.4,18.2,0,5.2,9.8,NA,NA,W,WSW,24,17,50,34,1015.4,1017.1,1,3,11.9,17.4,No,No,
2010-07-16,Sydney,7.2,18.2,0,4.4,9.4,NA,NA,W,S,24,19,63,46,1025.9,1024,2,2,9,16.2,No,No,
2010-07-17,Sydney,7.1,18.5,0,2.6,9.9,NA,NA,W,E,26,9,71,39,1028.1,1024.7,1,1,8.6,18.4,No,No,
2010-07-18,Sydney,7.3,19.4,0,2,10,NA,NA,W,ESE,20,7,81,40,1022.6,1017.8,0,1,8.9,18.7,No,No,
2010-07-19,Sydney,8.7,16.7,0,3.6,0.8,NA,NA,W,SSW,15,7,67,53,1017.8,1016,6,7,11.1,15,No,No,
2010-07-20,Sydney,8,16.5,0,1,8.5,NA,NA,W,SSW,19,19,71,53,1022.4,1021.4,1,3,10.2,14.9,No,Yes,
2010-07-21,Sydney,8,15.7,6.6,3.2,4.1,NA,NA,W,SSW,19,13,73,54,1026.7,1024.6,7,4,9.2,15.5,Yes,No,
2010-07-22,Sydney,6,14.7,0.4,1,5,NA,NA,W,SSW,28,20,64,69,1028.5,1028.1,1,5,8.8,13.6,No,No,
2010-07-23,Sydney,8,18.2,0.2,2,5.8,NA,NA,W,S,20,20,75,62,1032.6,1030.3,2,7,9.8,16.4,No,Yes,
2010-07-24,Sydney,9.6,18.3,4.6,2.6,3.9,NA,NA,W,SE,22,13,81,54,1030.7,1027.4,7,5,10.3,17.6,Yes,No,
2010-07-25,Sydney,10.2,16.9,0,1,6.2,NA,NA,W,SE,11,15,83,64,1029.9,1027.7,3,5,12.5,15.5,No,Yes,
2010-07-26,Sydney,9.2,17,16,3.8,3.2,NA,NA,W,SE,15,7,90,69,1034,1032.6,6,7,11.9,15.5,Yes,Yes,
2010-07-27,Sydney,9.3,16.9,2.4,1.6,3.2,NA,NA,W,E,13,9,86,49,1035.7,1032.5,6,7,11.2,16.6,Yes,Yes,
2010-07-28,Sydney,11.2,15.2,2.6,1.6,0.8,NA,NA,N,NNE,4,11,96,90,1029.8,1024.8,8,8,12.3,14.4,Yes,Yes,
2010-07-29,Sydney,11.4,16.2,24.2,1.4,0.6,NA,NA,NW,N,6,9,93,77,1019.1,1016,6,7,12.8,15.8,Yes,Yes,
2010-07-30,Sydney,12,21.1,3.4,3.8,5.8,NA,NA,W,NNE,22,9,97,62,1016.9,1013.6,4,7,12.8,21,Yes,Yes,
2010-07-31,Sydney,12.8,20.7,6.6,0.2,5.8,NA,NA,W,W,7,28,96,37,1012.1,1012,7,2,14.5,20.5,Yes,No,
2010-08-01,Sydney,9.6,20.9,0,3.8,10.3,NA,NA,N,NW,11,26,62,35,1019.9,1013,1,1,13.2,20.6,No,No,
2010-08-02,Sydney,9.1,15.7,0.4,4,7.3,NA,NA,W,WSW,24,28,49,36,1015.8,1011.6,5,5,11.2,15.1,No,Yes,
2010-08-03,Sydney,10.3,17.3,16.4,4,6.6,NA,NA,NA,NA,NA,NA,75,62,1016.2,1016.9,7,4,13.9,15.5,Yes,No,
2010-08-04,Sydney,8.3,18.9,0,4,10.2,NA,NA,NA,W,NA,9,75,44,1019,1014.9,1,1,11.2,18.7,No,No,
2010-08-05,Sydney,7.1,16.9,0,3.8,8.3,NA,NA,NNW,W,17,20,57,33,1018.1,1015.1,3,5,11.1,15.8,No,No,
2010-08-06,Sydney,7.6,17,0,2.4,10.3,NA,NA,W,S,19,19,56,40,1020.5,1019.2,1,2,10.5,15.7,No,No,
2010-08-07,Sydney,6.8,16.1,0,4.2,10.2,NA,NA,W,S,26,20,58,50,1024.7,1022.2,1,5,9.1,15.5,No,No,
2010-08-08,Sydney,6.4,17.2,0,3,10.3,NA,NA,W,E,20,15,73,50,1022.2,1019.1,3,1,8.8,15.2,No,No,
2010-08-09,Sydney,7.2,17.1,0,2.6,8.9,NA,NA,W,E,15,20,83,58,1023.5,1020.9,2,1,9.3,17,No,Yes,
2010-08-10,Sydney,9.3,16.4,2.8,2.4,0,NA,NA,WSW,NNE,2,13,93,90,1019.2,1013.8,8,8,12.2,16.2,Yes,Yes,
2010-08-11,Sydney,12.2,18,4.6,0.6,6,NA,NA,NW,WNW,19,20,59,35,1008.6,1003.7,7,3,12.8,17.4,Yes,No,
2010-08-12,Sydney,10.7,16.7,0.2,6.6,5.9,NA,NA,W,W,35,22,55,47,1001.5,1002.3,2,7,12.2,15,No,No,
2010-08-13,Sydney,9.9,18.3,0,2.6,10.6,NA,NA,W,S,26,31,54,44,1011.9,1012,1,1,12.7,17,No,No,
2010-08-14,Sydney,8.2,21.8,0,4.2,10.7,NA,NA,N,N,11,6,69,36,1014.5,1009.7,0,0,13,21.4,No,No,
2010-08-15,Sydney,12.8,20.1,0,6.4,7.3,NA,NA,NNW,WNW,22,17,53,37,1006.2,1004,6,2,15.1,20,No,No,
2010-08-16,Sydney,12.6,18.8,0.4,4,10.7,NA,NA,W,W,24,24,44,31,1011.5,1010.3,1,1,14.3,18.3,No,No,
2010-08-17,Sydney,7.6,17.6,0,4.4,10.4,NA,NA,W,E,26,15,44,26,1022,1019.9,1,3,10.8,15.9,No,No,
2010-08-18,Sydney,6.5,19.9,0,4.2,6.6,NA,NA,W,NE,13,19,69,53,1020.5,1012,3,5,9.3,17.7,No,Yes,
2010-08-19,Sydney,9.3,24.6,2.2,5,10.8,NA,NA,NNW,WNW,22,31,57,23,1007.7,1004.6,1,1,19.5,24.4,Yes,No,
2010-08-20,Sydney,11.3,19.3,0,6.2,10.8,NA,NA,WNW,WNW,11,19,45,26,1012.4,1010.9,1,1,14.3,19.2,No,No,
2010-08-21,Sydney,8.8,16.7,0,5.6,10.9,NA,NA,WNW,W,20,30,44,33,1017,1015.2,1,2,12.8,16.7,No,No,
2010-08-22,Sydney,8.4,17.3,0,4.6,9.4,NA,NA,W,E,22,13,58,48,1023.7,1020.4,1,5,11.4,15.7,No,No,
2010-08-23,Sydney,11.2,15,0,3.6,1,NA,NA,NW,NE,6,7,77,65,1017.1,1010.8,7,7,12.4,13.9,No,No,
2010-08-24,Sydney,10.9,19.8,0,2.2,10.3,NA,NA,W,WNW,17,22,53,28,1012.3,1007.9,1,2,13.9,19.6,No,No,
2010-08-25,Sydney,11.5,18.1,0,6,10.4,NA,NA,SW,WNW,17,26,36,24,1008.1,1005.2,1,1,14.1,17.2,No,No,
2010-08-26,Sydney,10.3,18,0,6.4,8.9,NA,NA,NW,W,19,33,48,33,1003.5,1000.7,3,3,13.8,16.4,No,No,
2010-08-27,Sydney,10.3,19.2,0,5.8,8.4,NA,NA,WNW,WNW,20,28,47,35,1008.1,1008,5,3,14.1,18.8,No,No,
2010-08-28,Sydney,9.2,17.5,0,4,10.9,NA,NA,W,S,20,19,52,40,1021.8,1022.3,1,1,12.3,16.5,No,No,
2010-08-29,Sydney,7.8,18.4,0,4,9.7,NA,NA,WNW,E,15,15,68,55,NA,1025.9,1,1,11.1,16.3,No,No,
2010-08-30,Sydney,10.5,17.6,0,2.2,8.2,NA,NA,W,E,4,15,70,56,1027.1,1024.3,3,2,14.9,16.8,No,No,
2010-08-31,Sydney,11.5,20,0,3.2,9.7,NA,NA,W,NE,9,22,71,60,1025.3,1019.8,1,5,15.8,18.4,No,No,
2010-09-01,Sydney,14.9,25.9,0,6.4,3.3,NA,NA,NA,NA,NA,NA,53,33,1017.8,1012.5,6,7,18.2,24.1,No,No,
2010-09-02,Sydney,16.6,18.1,0.8,3.8,0,NA,NA,NA,NA,NA,NA,77,74,1016.3,1014.4,8,7,17.8,17.8,No,Yes,
2010-09-03,Sydney,13.7,17.6,3.2,1.8,0,NA,NA,NA,NA,NA,NA,80,64,1025.8,1023.6,8,7,15.2,16.5,Yes,Yes,
2010-09-04,Sydney,15.2,20.3,7.4,2.8,0,NA,NA,NA,NA,NA,NA,90,84,1014.2,1006.7,8,8,17.6,19,Yes,No,
2010-09-05,Sydney,16.4,21.3,0.6,5.6,11.3,NA,NA,NA,NA,NA,NA,44,35,1007.9,1009.7,1,2,18.6,20.4,No,No,
2010-09-06,Sydney,11.5,20.4,0,8,8.4,NA,NA,NA,NA,NA,NA,45,33,1018.6,1017.1,1,6,15.1,18.9,No,No,
2010-09-07,Sydney,10.4,16.8,0,3.2,10.3,NA,NA,NA,S,NA,24,54,51,1023.4,1023.3,2,3,14.4,16.1,No,No,
2010-09-08,Sydney,8.2,18.3,0,4,10.7,NA,NA,W,ESE,15,15,58,54,1027.3,1023.6,1,1,13.1,17.2,No,No,
2010-09-09,Sydney,9.7,18.4,0,4,2.4,NA,NA,W,NW,2,6,77,56,1017.5,1010.6,6,8,13,18,No,Yes,
2010-09-10,Sydney,11,24.5,2.4,2,5.4,NA,NA,W,W,9,39,82,34,1004.1,1001.3,6,7,16.2,21.2,Yes,No,
2010-09-11,Sydney,11.1,19.9,0.8,4.4,10.9,NA,NA,W,E,20,15,46,44,1017.4,1017.2,1,1,15.3,17.5,No,No,
2010-09-12,Sydney,9.2,18.9,0,3.8,10,NA,NA,W,NE,15,17,64,61,1022.5,1017.8,3,5,13.6,17.6,No,No,
2010-09-13,Sydney,13.3,23.9,0,4.2,6.9,NA,NA,W,W,13,24,64,24,1015.8,1012.1,5,3,16.2,23.3,No,No,
2010-09-14,Sydney,13.9,18.1,0,5.4,1.7,NA,NA,ESE,ESE,28,28,70,87,1016.4,1011.4,6,8,17.6,15.7,No,Yes,
2010-09-15,Sydney,NA,20.4,21,1.8,7.6,NA,NA,W,E,13,13,75,63,1010.8,1009.6,7,1,15.4,18.8,Yes,No,
2010-09-16,Sydney,10.4,21.2,0,5,9.6,NA,NA,W,WNW,24,19,42,30,1014.8,1010.6,5,2,15.3,20.8,No,No,
2010-09-17,Sydney,9.5,19.3,0,6.4,11.2,NA,NA,W,ENE,20,19,41,33,1021.1,1017.8,2,5,13.5,17.2,No,No,
2010-09-18,Sydney,9.6,23.3,0,5,11,NA,NA,W,ESE,17,20,48,45,1017.4,1013.8,1,1,15,19.5,No,No,
2010-09-19,Sydney,11.7,18.1,0,4,4.1,NA,NA,W,ENE,11,13,56,66,1022,1019.7,6,7,15,17.3,No,No,
2010-09-20,Sydney,11.1,20.1,0,3.6,9.1,NA,NA,W,E,13,20,66,65,1024,1022.7,4,5,16.8,18.5,No,No,
2010-09-21,Sydney,11.6,23.7,0,3,8.2,NA,NA,W,SSE,15,24,82,66,1023,1022.3,0,5,15.3,20.4,No,Yes,
2010-09-22,Sydney,13,20.1,1.8,4.6,9.5,NA,NA,W,E,11,22,75,61,1026.5,1020.8,3,1,16.6,18.1,Yes,No,
2010-09-23,Sydney,15.2,19,0.2,5,1.1,NA,NA,SE,E,13,15,69,63,1024.7,1022.3,7,7,16.6,17.3,No,No,
2010-09-24,Sydney,13.7,21.1,0,3.2,10.7,NA,NA,NNW,NE,13,13,67,69,1022.2,1017.6,0,0,19,20.2,No,No,
2010-09-25,Sydney,13.4,26.9,0,5.4,8,NA,NA,W,ESE,9,15,58,33,1016,1013.5,4,7,18.5,24.8,No,No,
2010-09-26,Sydney,13.1,22,0,5.4,10.8,NA,NA,W,E,6,24,57,74,1020.1,1017.3,1,3,19.5,19.7,No,No,
2010-09-27,Sydney,12.8,27.1,0,5.8,5.5,NA,NA,W,WNW,9,7,60,38,1014.5,NA,7,7,18.7,26.5,No,No,
2010-09-28,Sydney,14.2,27,0,7.6,9.8,NA,NA,WNW,WNW,11,17,36,18,1013.2,NA,1,4,21.7,26.2,No,No,
2010-09-29,Sydney,13.2,18.5,0,7.2,9.3,NA,NA,WSW,SSE,11,26,39,42,1016.8,NA,6,4,16.5,16.7,No,Yes,
2010-09-30,Sydney,8.6,18.7,4,6.4,10.7,NA,NA,WNW,E,11,19,54,42,NA,NA,1,2,14.4,16.2,Yes,No,
2010-10-01,Sydney,9.7,18.4,0,4,0.7,NA,NA,W,E,9,19,69,61,NA,NA,7,7,12.7,17.7,No,No,
2010-10-02,Sydney,12.7,19.6,0,2.6,0,NA,NA,E,ENE,13,20,70,82,1029.8,1027.7,NA,NA,18.3,16.5,No,Yes,
2010-10-03,Sydney,15,19.7,14.2,1,1.2,NA,NA,ENE,E,19,24,93,77,1030,1027.4,NA,NA,15.3,18.9,Yes,Yes,
2010-10-04,Sydney,15.3,20.6,12,4,2.3,NA,NA,E,E,7,24,83,72,1026.2,1022.8,NA,NA,17.9,19.9,Yes,Yes,
2010-10-05,Sydney,16.6,22.4,2.6,2.2,7.2,NA,NA,E,NA,2,NA,81,71,NA,NA,6,2,19.4,21.1,Yes,No,
2010-10-06,Sydney,17.2,22.4,0,3.4,4.9,NA,NA,NA,NA,NA,NA,83,72,NA,NA,7,7,19.7,21.8,No,No,
2010-10-07,Sydney,16.3,23.1,0,2.2,1.2,SSE,50,NA,SE,NA,24,88,73,NA,NA,7,7,17.7,18.2,No,No,
2010-10-08,Sydney,13.8,19.5,0,4.6,9.5,ESE,35,NNE,ESE,4,19,73,56,NA,NA,6,1,16.5,19.1,No,No,
2010-10-09,Sydney,15.8,18.9,0,5.2,0,ESE,31,ESE,ENE,20,11,59,55,1026.4,1025.3,NA,NA,17,18.3,No,NA,
2010-10-10,Sydney,14.7,21.9,NA,3.8,9,ESE,48,ESE,ESE,28,33,59,53,1031.2,1031.7,NA,NA,18.5,20.7,NA,Yes,
2010-10-11,Sydney,16.5,21.1,1.2,6.2,6.6,ENE,56,NE,NE,26,20,62,55,NA,NA,6,7,19.6,20.9,Yes,No,
2010-10-12,Sydney,16.4,21.8,1,6,5.9,NNE,50,NNE,NE,13,28,82,58,NA,NA,7,3,18.3,21.5,No,No,
2010-10-13,Sydney,16.7,23.9,0.4,7,2.8,NNE,39,W,ENE,7,19,81,64,NA,NA,7,5,17.8,22.9,No,Yes,
2010-10-14,Sydney,17.8,28.9,2,4,10.8,NNW,41,NNW,E,22,17,63,48,1011.2,1008.1,NA,NA,22.3,26.6,Yes,No,
2010-10-15,Sydney,19.5,24.7,0,7.8,0.2,NNW,76,NE,NE,13,31,66,73,999.6,989.8,NA,NA,21.5,21.8,No,No,
2010-10-16,Sydney,11.7,16.1,0.8,3.4,9.3,WNW,85,W,W,46,48,34,28,999.3,1003.6,NA,NA,12.9,15.2,No,No,
2010-10-17,Sydney,9.9,24,0,6.6,12.1,W,41,W,SSE,24,4,44,30,1012.9,1011.3,NA,NA,14.7,23.3,No,No,
2010-10-18,Sydney,12.6,24.2,0,7.2,12.3,W,39,WSW,NE,24,13,48,39,NA,NA,0,1,16.4,23.2,No,Yes,
2010-10-19,Sydney,14,19,3.8,6.4,0.8,SSE,37,SSE,SSE,17,19,82,53,NA,1026.2,8,7,14.7,17.1,Yes,No,
2010-10-20,Sydney,12.9,20.3,0.2,3,10.9,ENE,37,W,E,11,26,70,57,1028.8,1025.6,3,1,16.9,19.8,No,No,
2010-10-21,Sydney,13.3,21.5,0,6.6,11,ENE,41,W,ENE,11,28,75,58,1025.9,1022.4,2,5,17.6,21.3,No,No,
2010-10-22,Sydney,15.3,23,0,5.6,11,NNE,41,W,ENE,6,19,70,63,1021.4,1017.8,1,4,19,22.2,No,No,
2010-10-23,Sydney,15.8,27.2,0,8,6.9,NW,52,W,WSW,7,4,59,82,1016.6,1015.1,NA,NA,21.4,19.3,No,Yes,
2010-10-24,Sydney,14.1,15.7,30.6,7.4,0,SSE,48,SSE,S,22,20,92,75,1021.1,1020.6,NA,NA,14.1,15.7,Yes,Yes,
2010-10-25,Sydney,13.9,19.6,14,1.2,5.4,SSW,50,SW,S,17,22,90,64,NA,1018.4,7,6,15.5,19.1,Yes,No,
2010-10-26,Sydney,12.9,26.7,0.2,3.8,12.1,NE,33,W,ENE,13,24,73,56,1018,1015,1,5,17.8,22.5,No,No,
2010-10-27,Sydney,14.8,23.8,0,6.8,9.6,SSE,54,SSE,SE,13,26,76,69,1016,1014.7,2,7,20.2,20.6,No,Yes,
2010-10-28,Sydney,16.4,21.4,1.8,5.4,8.9,ESE,33,SE,ESE,17,19,65,53,1021.5,1020.4,NA,NA,18.3,20.2,Yes,No,
2010-10-29,Sydney,14.5,22.1,0.2,6.2,1.8,ENE,31,WNW,ENE,11,15,82,59,1020.7,1017.5,7,7,16.2,20.5,No,No,
2010-10-30,Sydney,16.2,24.4,0,3.2,9.9,NE,56,N,NE,9,22,70,64,1015.1,1012.2,NA,NA,22,23.8,No,No,
2010-10-31,Sydney,19.3,24.7,0,7.2,5.5,NE,50,NE,NE,19,28,81,64,1012,1010.6,NA,NA,20.7,24.2,No,Yes,
2010-11-01,Sydney,18.1,20.4,5.2,6.6,0.1,SSE,48,S,SSE,22,28,78,77,1014.7,1012.1,8,8,18.7,18.6,Yes,Yes,
2010-11-02,Sydney,11.8,17.9,32.6,3.8,1.7,WSW,54,W,SSE,31,24,77,59,1011.8,1012.8,NA,7,13.3,17.8,Yes,No,
2010-11-03,Sydney,12,23.9,0.2,4,11.9,SE,44,W,ESE,13,24,65,54,1018.1,1016.3,1,3,17.6,20.7,No,No,
2010-11-04,Sydney,14.4,18.1,0.4,5.4,2.8,ESE,48,S,SE,15,20,83,68,1022.3,1020.5,7,7,14.8,17.6,No,Yes,
2010-11-05,Sydney,13.4,19.2,8.4,8.4,2.7,SE,46,SE,SSE,17,30,67,53,1023.9,1022.1,7,7,15.2,17.8,Yes,Yes,
2010-11-06,Sydney,13.6,18.8,26,4.8,2.5,ESE,37,SSW,SSE,7,15,93,81,1023.8,1021.9,NA,NA,14.1,16.7,Yes,Yes,
2010-11-07,Sydney,13.4,23.3,8.8,3.6,10.9,NE,37,WNW,E,13,26,77,59,1021.3,1018.1,NA,NA,16.6,20.7,Yes,No,
2010-11-08,Sydney,16.1,26.3,0,5.8,7.9,SW,74,E,NNE,7,28,64,52,1017.2,1015.1,3,7,23.3,23.8,No,Yes,
2010-11-09,Sydney,17.2,23.6,5.6,11.2,7,SSE,37,SSE,E,22,11,80,54,1025,1024.2,7,8,19.7,23.2,Yes,No,
2010-11-10,Sydney,18.2,24.5,0,3.2,6,N,52,WNW,ENE,6,30,87,72,1021.8,1017.1,5,7,20.9,23.5,No,Yes,
2010-11-11,Sydney,19.7,27.2,8.6,7.2,9.3,E,30,ESE,E,7,24,77,43,1014.9,1012,5,3,20.1,25,Yes,No,
2010-11-12,Sydney,19.1,26.8,0,9,12.6,NE,48,WNW,NE,6,24,67,57,1013.8,1011.9,1,3,24.3,25.6,No,NA,
2010-11-13,Sydney,19.6,30.3,NA,8.6,10.3,NNE,43,E,NE,11,28,64,56,1014.9,1013.5,NA,NA,25.8,27.6,NA,No,
2010-11-14,Sydney,20.5,30.4,0,9,10.2,NNE,50,ENE,NNE,13,28,70,56,1015.7,1012.8,NA,NA,26.1,27.2,No,No,
2010-11-15,Sydney,22.3,23.9,0,10.4,0,SSE,30,SW,SE,9,7,70,95,1012.8,1012.6,NA,NA,23.9,19.4,No,Yes,
2010-11-16,Sydney,17.4,23.5,21,1,7.9,ESE,35,S,SSE,13,20,82,65,1013.3,1011.3,7,3,18.8,22.8,Yes,No,
2010-11-17,Sydney,17.1,22.3,0.4,6.6,4.2,SSE,28,S,E,17,15,80,61,1017.1,1015.7,7,6,17.5,21,No,No,
2010-11-18,Sydney,16.8,23.4,1,3.6,8.8,NE,35,N,NE,7,20,65,59,1015.2,1012.2,3,6,22.3,22.6,No,No,
2010-11-19,Sydney,16.7,20,0,8,0.4,SSE,67,S,SSE,26,33,71,58,1021.8,1024,7,8,17.4,18.5,No,No,
2010-11-20,Sydney,13.7,21.9,0,5.4,13.3,E,30,SSE,ESE,2,19,58,NA,1027.2,NA,NA,NA,20,NA,No,No,
2010-11-21,Sydney,15,23.1,0,5.6,12.8,ENE,39,NE,E,17,26,NA,55,NA,1022.9,NA,NA,NA,22.6,No,No,
2010-11-22,Sydney,16.5,24,0,9,11.4,NE,44,WNW,E,4,26,82,54,1026,1024.3,6,2,19.3,23.2,No,No,
2010-11-23,Sydney,18.6,25.2,0,8,11.1,ENE,46,NNE,NE,22,24,63,NA,1027.2,NA,NA,NA,22.5,NA,No,No,
2010-11-24,Sydney,17.5,24.7,0,11,12.6,NE,56,NNE,NE,17,26,60,58,1025.3,1022,2,1,22.8,24.1,No,No,
2010-11-25,Sydney,18.5,26,0,8.8,12.1,NE,44,E,NE,17,20,67,53,1020.5,1017.7,1,1,22.5,25.2,No,No,
2010-11-26,Sydney,18.9,24.1,0,11.6,9,NE,37,E,E,13,19,62,72,1017.3,1015.3,5,7,23.9,22.4,No,No,
2010-11-27,Sydney,18.2,25.8,0,6,10.8,NNE,63,E,NE,6,28,77,56,1015.6,1012,NA,NA,22.3,25.5,No,No,
2010-11-28,Sydney,19,23.5,0,10.8,0,NNE,44,NE,NE,9,13,73,64,1010.9,1010.2,NA,NA,21.7,23,No,Yes,
2010-11-29,Sydney,16.8,21.5,5.8,3.4,0,SSW,56,SSW,S,30,28,85,77,1013.6,1012.9,NA,NA,18,20.8,Yes,Yes,
2010-11-30,Sydney,16.4,21.6,5.6,1.8,0.9,SSW,44,S,SSE,11,17,94,91,1016.4,1014.5,8,8,17.3,20.2,Yes,Yes,
2010-12-01,Sydney,17.2,20.1,27.6,3.4,0,E,43,ENE,E,30,19,94,89,1016.4,1015.3,8,8,18.9,19.9,Yes,Yes,
2010-12-02,Sydney,18.5,24.3,21,1.8,5.4,ENE,44,ENE,ENE,17,22,91,78,1018,1015.9,8,7,20.1,22.7,Yes,No,
2010-12-03,Sydney,19.8,24.4,0.2,5.2,8.7,ENE,43,NNE,E,17,24,70,74,1017.3,1014.7,2,6,23.7,23.2,No,No,
2010-12-04,Sydney,19.6,22.7,0,7.4,1.6,NE,31,NNW,E,6,19,84,80,1013,1010.2,NA,NA,20.9,22,No,Yes,
2010-12-05,Sydney,19.5,25.1,1.4,4.4,8,E,30,WNW,E,6,17,NA,NA,NA,NA,NA,NA,NA,NA,Yes,No,
2010-12-06,Sydney,20.4,25.7,1,5.8,11.4,ESE,28,ESE,ESE,7,19,74,67,1014.2,1013.3,5,5,23.6,25.5,No,No,
2010-12-07,Sydney,21,26,0,8,13.2,ENE,43,E,ENE,19,24,73,63,1016.5,1015.4,6,3,23.5,25.4,No,No,
2010-12-08,Sydney,20.8,26.3,0,7.6,12.2,NE,63,NE,NE,15,28,67,68,1016.7,1012.5,3,5,24.8,25.7,No,No,
2010-12-09,Sydney,22,30.7,0,10.4,2.6,N,31,NE,SSE,13,9,80,62,1010.8,1008.2,7,8,23.4,28.3,No,No,
2010-12-10,Sydney,22.8,29.6,0,4.8,4.3,S,46,WSW,E,17,28,74,72,1009.4,1006,8,7,23.6,24,No,No,
2010-12-11,Sydney,17.2,26.9,0,6.8,13.4,NE,39,W,ENE,13,22,46,56,1007.9,1003.1,NA,NA,22.2,23.4,No,No,
2010-12-12,Sydney,17.8,30.8,0,9.2,13.3,SSW,46,W,ENE,6,28,47,40,1004,1003.7,NA,NA,24.8,26.1,No,No,
2010-12-13,Sydney,18.5,26.3,0,10.2,12.8,SSW,44,SSW,ESE,15,24,62,51,1013.5,1012.7,2,1,22.6,25.5,No,No,
2010-12-14,Sydney,20,26,0,8.2,11.6,SSE,35,SE,ESE,17,19,69,NA,1016.1,NA,6,NA,23.4,NA,No,No,
2010-12-15,Sydney,20,25.6,0,6,10.7,NNE,43,E,E,11,24,71,69,1010.8,1006.7,4,4,24,24.7,No,No,
2010-12-16,Sydney,21.7,26.4,0,7.6,3.9,SSE,52,ENE,NNW,4,6,72,91,1003.8,1006,5,8,24.7,20.6,No,Yes,
2010-12-17,Sydney,18,26.4,7.6,5.8,3.8,NW,41,SSW,ESE,6,6,75,71,1005.7,1003.5,8,6,20.5,23,Yes,No,
2010-12-18,Sydney,19.6,25.5,0,7.8,4.1,W,57,NW,NW,24,26,57,44,1003.1,999.6,NA,NA,20.7,25.4,No,No,
2010-12-19,Sydney,18.5,27.3,0,5,5,WSW,65,N,N,15,33,69,44,1003.5,995.6,NA,NA,19.8,26.4,No,Yes,
2010-12-20,Sydney,13.3,21.7,4.8,9.2,11.6,W,72,W,W,41,41,42,32,997.6,1000.7,1,2,16.7,21.3,Yes,No,
2010-12-21,Sydney,15.4,27.8,0,8.4,13.5,W,52,WNW,WNW,26,20,36,26,1008.7,1007.9,1,1,21.3,27.1,No,No,
2010-12-22,Sydney,17.7,25.7,0,9.2,12.7,SE,41,SE,SSE,19,26,71,61,1018.5,1017.6,5,5,22,25.2,No,No,
2010-12-23,Sydney,19.1,27,0,8.4,7.5,SSE,59,W,E,9,19,72,57,1018.1,1016.5,6,5,21.4,26.2,No,No,
2010-12-24,Sydney,18.7,24.1,0,8,8,SE,44,ESE,ESE,19,19,65,47,1026.1,1023.7,NA,NA,19.8,23.6,No,No,
2010-12-25,Sydney,16,26.3,0,7,12.5,ENE,43,NA,NE,0,19,69,61,1017.2,1011.4,NA,NA,21.5,25.5,No,No,
2010-12-26,Sydney,20.8,31.3,0.8,8,3.5,SSE,76,W,WNW,20,15,88,56,1006.3,1001.4,NA,NA,21.1,28.7,No,Yes,
2010-12-27,Sydney,18.4,19.9,17,11.8,0.3,SSE,57,SSW,SSE,15,28,88,78,1005.5,1005.8,NA,NA,18.5,18.9,Yes,Yes,
2010-12-28,Sydney,15.4,21.2,1.8,5.4,2.5,SSE,39,SSE,ESE,11,19,59,50,1018.9,1019.1,NA,NA,19,20.7,Yes,No,
2010-12-29,Sydney,17.3,24.7,0,5.2,12.7,NE,48,WSW,NE,4,28,66,56,1018.5,1014.8,NA,NA,21.1,24.1,No,No,
2010-12-30,Sydney,20,26.5,0,8.6,13.1,E,30,E,E,7,20,64,63,1016.6,1015.3,NA,NA,24.7,24.8,No,No,
2010-12-31,Sydney,21.4,27.2,0,8.8,11.7,NE,46,ESE,ENE,7,28,78,65,1016,1013.9,NA,NA,24,26.4,No,No,
